-- phpMyAdmin SQL Dump
-- version 5.2.1
-- https://www.phpmyadmin.net/
--
-- Хост: 127.0.0.1
-- Время создания: Июн 18 2024 г., 08:13
-- Версия сервера: 10.4.32-MariaDB
-- Версия PHP: 8.2.12

SET SQL_MODE = "NO_AUTO_VALUE_ON_ZERO";
START TRANSACTION;
SET time_zone = "+00:00";


/*!40101 SET @OLD_CHARACTER_SET_CLIENT=@@CHARACTER_SET_CLIENT */;
/*!40101 SET @OLD_CHARACTER_SET_RESULTS=@@CHARACTER_SET_RESULTS */;
/*!40101 SET @OLD_COLLATION_CONNECTION=@@COLLATION_CONNECTION */;
/*!40101 SET NAMES utf8mb4 */;

--
-- База данных: `myproject`
--

-- --------------------------------------------------------

--
-- Структура таблицы `cache`
--

CREATE TABLE `cache` (
  `key` varchar(255) NOT NULL,
  `value` mediumtext NOT NULL,
  `expiration` int(11) NOT NULL
) ENGINE=InnoDB DEFAULT CHARSET=utf8mb4 COLLATE=utf8mb4_unicode_ci;

-- --------------------------------------------------------

--
-- Структура таблицы `cache_locks`
--

CREATE TABLE `cache_locks` (
  `key` varchar(255) NOT NULL,
  `owner` varchar(255) NOT NULL,
  `expiration` int(11) NOT NULL
) ENGINE=InnoDB DEFAULT CHARSET=utf8mb4 COLLATE=utf8mb4_unicode_ci;

-- --------------------------------------------------------

--
-- Структура таблицы `carts`
--

CREATE TABLE `carts` (
  `id` bigint(20) UNSIGNED NOT NULL,
  `user_id` bigint(20) UNSIGNED NOT NULL,
  `created_at` timestamp NULL DEFAULT NULL,
  `updated_at` timestamp NULL DEFAULT NULL
) ENGINE=InnoDB DEFAULT CHARSET=utf8mb4 COLLATE=utf8mb4_unicode_ci;

--
-- Дамп данных таблицы `carts`
--

INSERT INTO `carts` (`id`, `user_id`, `created_at`, `updated_at`) VALUES
(1, 1, '2024-06-15 05:17:04', '2024-06-15 05:17:04'),
(2, 2, '2024-06-15 12:43:01', '2024-06-15 12:43:01');

-- --------------------------------------------------------

--
-- Структура таблицы `cart_items`
--

CREATE TABLE `cart_items` (
  `id` bigint(20) UNSIGNED NOT NULL,
  `cart_id` bigint(20) UNSIGNED NOT NULL,
  `product_id` bigint(20) UNSIGNED NOT NULL,
  `quantity` int(11) NOT NULL,
  `created_at` timestamp NULL DEFAULT NULL,
  `updated_at` timestamp NULL DEFAULT NULL
) ENGINE=InnoDB DEFAULT CHARSET=utf8mb4 COLLATE=utf8mb4_unicode_ci;

--
-- Дамп данных таблицы `cart_items`
--

INSERT INTO `cart_items` (`id`, `cart_id`, `product_id`, `quantity`, `created_at`, `updated_at`) VALUES
(24, 1, 20, 1, '2024-06-17 05:02:20', '2024-06-17 05:49:19');

-- --------------------------------------------------------

--
-- Структура таблицы `categories`
--

CREATE TABLE `categories` (
  `id` bigint(20) UNSIGNED NOT NULL,
  `name` varchar(255) NOT NULL,
  `icon` varchar(255) DEFAULT NULL,
  `created_at` timestamp NULL DEFAULT NULL,
  `updated_at` timestamp NULL DEFAULT NULL
) ENGINE=InnoDB DEFAULT CHARSET=utf8mb4 COLLATE=utf8mb4_unicode_ci;

--
-- Дамп данных таблицы `categories`
--

INSERT INTO `categories` (`id`, `name`, `icon`, `created_at`, `updated_at`) VALUES
(1, 'Гитары', '<i class=\"fa-solid fa-guitar\"></i>', NULL, NULL),
(2, 'Клавишные инструменты', '<i class=\"fa-solid fa-chalkboard-user\"></i>', NULL, NULL),
(3, 'Ударные инструменты', '<i class=\"fa-solid fa-drum\"></i>', NULL, NULL),
(4, 'Духовые инструменты', '<i class=\"fa-solid fa-drum-steelpan\"></i>', NULL, NULL),
(5, 'Струнные инструменты', '<i class=\"fa-solid fa-wave-square\"></i>', NULL, NULL),
(6, 'Акустические системы', '<i class=\"fa-solid fa-volume-high\"></i>', NULL, NULL),
(7, 'Микрофоны и радиосистемы ', '<i class=\"fa-solid fa-microphone\"></i>', NULL, NULL),
(8, 'Студийное оборудование', '<i class=\"fa-solid fa-compact-disc\"></i>', NULL, NULL),
(9, 'DJ оборудование', '<i class=\"fa-solid fa-sliders\"></i>', NULL, NULL),
(10, 'Подарочные сертификаты', '<i class=\"fa-solid fa-gift\"></i>', NULL, NULL);

-- --------------------------------------------------------

--
-- Структура таблицы `category_types`
--

CREATE TABLE `category_types` (
  `id` bigint(20) UNSIGNED NOT NULL,
  `name` varchar(255) NOT NULL,
  `category_id` bigint(20) UNSIGNED NOT NULL,
  `created_at` timestamp NULL DEFAULT NULL,
  `updated_at` timestamp NULL DEFAULT NULL
) ENGINE=InnoDB DEFAULT CHARSET=utf8mb4 COLLATE=utf8mb4_unicode_ci;

--
-- Дамп данных таблицы `category_types`
--

INSERT INTO `category_types` (`id`, `name`, `category_id`, `created_at`, `updated_at`) VALUES
(1, 'Акустические гитары', 1, NULL, NULL),
(2, 'Классические гитары', 1, NULL, NULL),
(3, 'Электрогитары', 1, NULL, NULL),
(4, 'Цифровые пианино', 2, NULL, NULL),
(5, 'Акустическое пианино', 2, NULL, NULL),
(6, 'Рояли', 2, NULL, NULL),
(7, 'MIDI-клавиатуры', 2, NULL, NULL),
(8, 'Синтезаторы', 2, NULL, NULL),
(9, 'Акустические ударные инструменты', 3, NULL, NULL),
(10, 'Электронные ударные установки', 3, NULL, NULL),
(11, 'Педали для бас-барабанов', 3, NULL, '2024-06-17 03:19:04'),
(12, 'Барабаны', 3, NULL, NULL),
(13, 'Саксофоны', 4, NULL, NULL),
(14, 'Флейты', 4, NULL, NULL),
(15, 'Тромбоны', 4, NULL, NULL),
(16, 'Кларнеты', 4, NULL, NULL),
(18, 'Скрипки', 5, NULL, NULL),
(19, 'Арфы', 5, NULL, NULL),
(20, 'Виолончели', 5, NULL, NULL),
(21, 'Колонки', 6, NULL, NULL),
(22, 'Савбуферы', 6, NULL, NULL),
(23, 'Микрофоны', 7, NULL, NULL),
(24, 'Радиосистемы', 7, NULL, NULL),
(25, 'Аудиоинтерфейсы\r\n', 8, NULL, NULL),
(26, 'Коммутаторы и контроллеры', 8, NULL, NULL),
(27, 'Студийные микрофоны', 8, NULL, NULL),
(28, 'Студийные мониторы', 8, NULL, NULL),
(29, 'DJ аксессуары', 9, NULL, NULL),
(30, 'Dj контроллеры', 9, NULL, NULL),
(31, 'DJ микшеры', 9, NULL, NULL),
(32, 'DJ проигрыватели', 9, NULL, NULL),
(36, 'Подарочный сертификат', 10, NULL, NULL);

-- --------------------------------------------------------

--
-- Структура таблицы `failed_jobs`
--

CREATE TABLE `failed_jobs` (
  `id` bigint(20) UNSIGNED NOT NULL,
  `uuid` varchar(255) NOT NULL,
  `connection` text NOT NULL,
  `queue` text NOT NULL,
  `payload` longtext NOT NULL,
  `exception` longtext NOT NULL,
  `failed_at` timestamp NOT NULL DEFAULT current_timestamp()
) ENGINE=InnoDB DEFAULT CHARSET=utf8mb4 COLLATE=utf8mb4_unicode_ci;

-- --------------------------------------------------------

--
-- Структура таблицы `favorites`
--

CREATE TABLE `favorites` (
  `id` bigint(20) UNSIGNED NOT NULL,
  `user_id` bigint(20) UNSIGNED NOT NULL,
  `product_id` bigint(20) UNSIGNED NOT NULL,
  `created_at` timestamp NULL DEFAULT NULL,
  `updated_at` timestamp NULL DEFAULT NULL
) ENGINE=InnoDB DEFAULT CHARSET=utf8mb4 COLLATE=utf8mb4_unicode_ci;

--
-- Дамп данных таблицы `favorites`
--

INSERT INTO `favorites` (`id`, `user_id`, `product_id`, `created_at`, `updated_at`) VALUES
(8, 2, 16, '2024-06-16 03:39:17', '2024-06-16 03:39:17');

-- --------------------------------------------------------

--
-- Структура таблицы `jobs`
--

CREATE TABLE `jobs` (
  `id` bigint(20) UNSIGNED NOT NULL,
  `queue` varchar(255) NOT NULL,
  `payload` longtext NOT NULL,
  `attempts` tinyint(3) UNSIGNED NOT NULL,
  `reserved_at` int(10) UNSIGNED DEFAULT NULL,
  `available_at` int(10) UNSIGNED NOT NULL,
  `created_at` int(10) UNSIGNED NOT NULL
) ENGINE=InnoDB DEFAULT CHARSET=utf8mb4 COLLATE=utf8mb4_unicode_ci;

-- --------------------------------------------------------

--
-- Структура таблицы `job_batches`
--

CREATE TABLE `job_batches` (
  `id` varchar(255) NOT NULL,
  `name` varchar(255) NOT NULL,
  `total_jobs` int(11) NOT NULL,
  `pending_jobs` int(11) NOT NULL,
  `failed_jobs` int(11) NOT NULL,
  `failed_job_ids` longtext NOT NULL,
  `options` mediumtext DEFAULT NULL,
  `cancelled_at` int(11) DEFAULT NULL,
  `created_at` int(11) NOT NULL,
  `finished_at` int(11) DEFAULT NULL
) ENGINE=InnoDB DEFAULT CHARSET=utf8mb4 COLLATE=utf8mb4_unicode_ci;

-- --------------------------------------------------------

--
-- Структура таблицы `migrations`
--

CREATE TABLE `migrations` (
  `id` int(10) UNSIGNED NOT NULL,
  `migration` varchar(255) NOT NULL,
  `batch` int(11) NOT NULL
) ENGINE=InnoDB DEFAULT CHARSET=utf8mb4 COLLATE=utf8mb4_unicode_ci;

--
-- Дамп данных таблицы `migrations`
--

INSERT INTO `migrations` (`id`, `migration`, `batch`) VALUES
(1, '0001_01_01_000000_create_users_table', 1),
(2, '0001_01_01_000001_create_cache_table', 1),
(3, '0001_01_01_000002_create_jobs_table', 1),
(4, '2024_06_03_132217_create_categories_table', 1),
(5, '2024_06_03_132250_create_category_types_table', 1),
(6, '2024_06_03_132305_create_products_table', 1),
(7, '2024_06_07_084737_create_product_images_table', 1),
(8, '2024_06_07_104432_add_is_popular_to_products_table', 2),
(9, '2024_06_13_074331_create_personal_access_tokens_table', 3),
(10, '2024_06_13_175424_create_seen_products_table', 4),
(11, '2024_06_14_111308_create_discounts_table', 5),
(12, '2024_06_14_111330_add_discount_id_to_products_table', 5),
(13, '2024_06_14_112551_add_discount_to_products_table', 6),
(14, '2024_06_14_112859_remove_discount_id_from_products_table', 7),
(16, '2024_06_14_151104_create_carts_table', 8),
(17, '2024_06_15_073807_create_carts_table', 9),
(18, '2024_06_15_073813_create_cart_items_table', 9),
(19, '2024_06_15_073819_create_orders_table', 9),
(20, '2024_06_15_073825_create_order_items_table', 9),
(21, '2024_06_15_165517_create_favorites_table', 10),
(22, '2024_06_16_155023_create_reviews_table', 11);

-- --------------------------------------------------------

--
-- Структура таблицы `orders`
--

CREATE TABLE `orders` (
  `id` bigint(20) UNSIGNED NOT NULL,
  `user_id` bigint(20) UNSIGNED NOT NULL,
  `total_price` decimal(8,2) NOT NULL,
  `status` varchar(255) NOT NULL DEFAULT 'pending',
  `created_at` timestamp NULL DEFAULT NULL,
  `updated_at` timestamp NULL DEFAULT NULL
) ENGINE=InnoDB DEFAULT CHARSET=utf8mb4 COLLATE=utf8mb4_unicode_ci;

--
-- Дамп данных таблицы `orders`
--

INSERT INTO `orders` (`id`, `user_id`, `total_price`, `status`, `created_at`, `updated_at`) VALUES
(1, 1, 1170.00, 'В ожидании', '2024-06-15 08:24:14', '2024-06-15 08:24:14'),
(2, 1, 4080.00, 'В ожидании', '2024-06-15 08:27:51', '2024-06-15 08:27:51'),
(3, 1, 7170.00, 'В ожидании', '2024-06-15 11:49:28', '2024-06-15 11:49:28'),
(4, 1, 20000.00, 'В ожидании', '2024-06-15 12:24:05', '2024-06-15 12:24:05'),
(5, 2, 3000.00, 'В ожидании', '2024-06-15 12:43:10', '2024-06-15 12:43:10'),
(6, 2, 9300.00, 'В ожидании', '2024-06-17 13:32:50', '2024-06-17 13:32:50'),
(7, 2, 3000.00, 'В ожидании', '2024-06-17 16:21:02', '2024-06-17 16:21:02'),
(8, 2, 1080.00, 'В ожидании', '2024-06-17 17:31:20', '2024-06-17 17:31:20');

-- --------------------------------------------------------

--
-- Структура таблицы `order_items`
--

CREATE TABLE `order_items` (
  `id` bigint(20) UNSIGNED NOT NULL,
  `order_id` bigint(20) UNSIGNED NOT NULL,
  `product_id` bigint(20) UNSIGNED NOT NULL,
  `quantity` int(11) NOT NULL,
  `price` decimal(8,2) NOT NULL,
  `created_at` timestamp NULL DEFAULT NULL,
  `updated_at` timestamp NULL DEFAULT NULL
) ENGINE=InnoDB DEFAULT CHARSET=utf8mb4 COLLATE=utf8mb4_unicode_ci;

--
-- Дамп данных таблицы `order_items`
--

INSERT INTO `order_items` (`id`, `order_id`, `product_id`, `quantity`, `price`, `created_at`, `updated_at`) VALUES
(1, 1, 9, 1, 1170.00, '2024-06-15 08:24:14', '2024-06-15 08:24:14'),
(2, 2, 10, 1, 3000.00, '2024-06-15 08:27:51', '2024-06-15 08:27:51'),
(3, 2, 7, 1, 1080.00, '2024-06-15 08:27:51', '2024-06-15 08:27:51'),
(4, 3, 10, 1, 3000.00, '2024-06-15 11:49:28', '2024-06-15 11:49:28'),
(5, 3, 16, 1, 3000.00, '2024-06-15 11:49:28', '2024-06-15 11:49:28'),
(6, 3, 9, 1, 1170.00, '2024-06-15 11:49:28', '2024-06-15 11:49:28'),
(7, 4, 20, 1, 20000.00, '2024-06-15 12:24:05', '2024-06-15 12:24:05'),
(8, 5, 10, 1, 3000.00, '2024-06-15 12:43:10', '2024-06-15 12:43:10'),
(9, 6, 10, 1, 3000.00, '2024-06-17 13:32:50', '2024-06-17 13:32:50'),
(10, 6, 108, 1, 6300.00, '2024-06-17 13:32:50', '2024-06-17 13:32:50'),
(11, 7, 16, 1, 3000.00, '2024-06-17 16:21:02', '2024-06-17 16:21:02'),
(12, 8, 7, 1, 1080.00, '2024-06-17 17:31:20', '2024-06-17 17:31:20');

-- --------------------------------------------------------

--
-- Структура таблицы `password_reset_tokens`
--

CREATE TABLE `password_reset_tokens` (
  `email` varchar(255) NOT NULL,
  `token` varchar(255) NOT NULL,
  `created_at` timestamp NULL DEFAULT NULL
) ENGINE=InnoDB DEFAULT CHARSET=utf8mb4 COLLATE=utf8mb4_unicode_ci;

-- --------------------------------------------------------

--
-- Структура таблицы `personal_access_tokens`
--

CREATE TABLE `personal_access_tokens` (
  `id` bigint(20) UNSIGNED NOT NULL,
  `tokenable_type` varchar(255) NOT NULL,
  `tokenable_id` bigint(20) UNSIGNED NOT NULL,
  `name` varchar(255) NOT NULL,
  `token` varchar(64) NOT NULL,
  `abilities` text DEFAULT NULL,
  `last_used_at` timestamp NULL DEFAULT NULL,
  `expires_at` timestamp NULL DEFAULT NULL,
  `created_at` timestamp NULL DEFAULT NULL,
  `updated_at` timestamp NULL DEFAULT NULL
) ENGINE=InnoDB DEFAULT CHARSET=utf8mb4 COLLATE=utf8mb4_unicode_ci;

-- --------------------------------------------------------

--
-- Структура таблицы `products`
--

CREATE TABLE `products` (
  `id` bigint(20) UNSIGNED NOT NULL,
  `name` varchar(255) NOT NULL,
  `price` decimal(8,2) NOT NULL,
  `discount` decimal(5,2) DEFAULT NULL,
  `stock` int(11) NOT NULL,
  `description` text DEFAULT NULL,
  `category_type_id` bigint(20) UNSIGNED NOT NULL,
  `created_at` timestamp NULL DEFAULT NULL,
  `updated_at` timestamp NULL DEFAULT NULL,
  `is_popular` tinyint(1) NOT NULL DEFAULT 0
) ENGINE=InnoDB DEFAULT CHARSET=utf8mb4 COLLATE=utf8mb4_unicode_ci;

--
-- Дамп данных таблицы `products`
--

INSERT INTO `products` (`id`, `name`, `price`, `discount`, `stock`, `description`, `category_type_id`, `created_at`, `updated_at`, `is_popular`) VALUES
(7, 'Homage LF-3900', 1200.00, 10.00, 14, 'Дека: ламинат\r\nКорпус: ламинат\r\nГриф: клён\r\nНакладка грифа: фанера\r\nПодставка: палисандр\r\nКолковая механика: хромированная\r\nОкантовка: черная по деке', 1, '2024-06-07 13:45:13', '2024-06-17 17:31:20', 1),
(9, 'MARTIN ROMAS MR-441', 1300.00, 10.00, 4, 'Размер гитары: 41\"\r\nКоличество струн: 6 струн\r\nУровень: Начинающий, Любитель', 1, '2024-06-07 13:48:13', '2024-06-15 11:49:28', 1),
(10, 'Hora W11304 Segada', 3000.00, NULL, 5, 'Корпус дредноут\r\n    Верхняя дека - массив отборной карпатской ели\r\n    Обечайки и нижняя дека - ламинированное красное дерево махагони\r\n    Глянцевая полировка и лаковое покрытие полиэстером\r\n    Подставка из палисандра', 1, '2024-06-07 13:58:55', '2024-06-17 13:32:50', 1),
(11, 'Homage LF-4000', 2000.00, 10.00, 9, 'Фольковая 6-струнная гитара 40\".\r\n\r\nВерхняя дека - ламинат, задняя дека и обечайки - ламинат, гриф - клен, накладка грифа - фанера, бридж - палисандр, колковая механика - хромированная, окантовка - пластик, цвет - натуральный.', 1, '2024-06-07 14:01:07', '2024-06-07 14:01:07', 0),
(12, 'Parkwood PC75', 1700.00, 10.00, 8, 'Размер: 3/4.\r\nФорма корпуса: классическая.\r\nВерхняя дека: ель.\r\nЗадняя дека и обечайка: красное дерево.\r\nКрепление грифа: \"ласточкин хвост\".\r\nГриф: красное дерево.\r\nШирина грифа у верхнего порожка: 45мм.\r\nОкантовка: черная.', 2, '2024-06-07 14:02:46', '2024-06-07 14:02:57', 0),
(13, 'Parkwood PC75', 1800.00, 10.00, 10, 'Размер: 3/4.\r\nФорма корпуса: классическая.\r\nВерхняя дека: ель.\r\nЗадняя дека и обечайка: красное дерево.\r\nКрепление грифа: \"ласточкин хвост\".\r\nГриф: красное дерево.\r\nШирина грифа у верхнего порожка: 45мм.\r\nОкантовка: черная.', 2, '2024-06-07 14:22:46', '2024-06-07 14:22:46', 0),
(14, 'Kremona Sofia-SC Artist', 2000.00, 10.00, 15, 'Верхняя дека: массив красного кедра.\r\nЗадняя дека и обечайки: массив сапеле (африканский махагони).\r\nГриф: африканский махагони.\r\nНакладка грифа, бридж, накладка головки грифа: индийский палисандр.\r\nДеревянная розетка.\r\nКолковая механика: позолоченная, лепестки — янтарь.', 2, '2024-06-07 14:23:38', '2024-06-07 14:23:38', 0),
(15, 'Clevan CPA-50-CS', 2000.00, 10.00, 11, 'Форма корпуса: Les Paul.\r\nМатериал корпуса: махагони.\r\nГриф: махагони.\r\nНакладка грифа: палисандр.\r\nМензура: 628мм.\r\nБридж (струнодержатель) Tune-o-Matic со стоп-баром.', 3, '2024-06-07 14:25:07', '2024-06-07 14:25:07', 0),
(16, 'VGS Pro Series Neo', 3000.00, NULL, 9, 'Корпус из цельной ольхи.\r\n20мм топ из цельного волнистого клена.\r\nМензура 25,5 = 648 мм, ширина грифа в области верхнего порожка 42мм.\r\nКленовый гриф на винтах, матовый.\r\nПалисандровая накладка грифа, 22 лада.', 3, '2024-06-07 14:26:14', '2024-06-17 16:21:02', 1),
(17, 'Cort CR200-GT Classic Rock', 2200.00, 10.00, 15, 'У гитар серии Classic Rock внешний вид, ощущения и звучание самых востребованных винтажных инструментов золотой эры электрогитар. В сердце каждой гитары — специально разработанные звукосниматели ClassicRocker с аутентичным винтажным роковым звучаним и откликом.', 3, '2024-06-07 14:27:20', '2024-06-07 14:27:20', 0),
(18, 'FERNANDES RXX06 DAG', 3300.00, NULL, 5, 'Корпус: Ольха\r\n    Гриф: Клён, на болтах\r\n    Накладка: палисандр\r\n    Мензура: 25,5\"\r\n    Лады: 24\r\n    Бридж: Gotoh GE103B Tune-o-Matic', 3, '2024-06-07 14:28:51', '2024-06-07 14:28:51', 0),
(19, 'Medeli DP420K', 8000.00, 10.00, 10, 'Клавиатура: с молоточковой механикой, 88 клавиш.\r\nТрехсегментный дисплей.\r\nПолифония: 128 (макс).\r\nГолоса: 40.\r\nРазделение клавиатуры: Twinova.\r\nСтили: 50 предустановленных.', 4, '2024-06-07 14:39:00', '2024-06-07 14:39:00', 0),
(20, 'Artesia DP-10e White', 20000.00, NULL, 4, 'Количество клавиш: 88\r\nДисплей: LCD.\r\nКоличество тембров: 137.\r\nПолифония: 128 голоса.\r\nРеверберация: есть.', 4, '2024-06-07 14:41:10', '2024-06-15 12:24:05', 1),
(21, 'Samick JS121MD MAHP', 78000.00, 10.00, 7, 'Размеры: 121 х 150 х 61 (В х Ш х Г)\r\nВес - 221 кг\r\nВирбельбанк - клен\r\nВирбели - никелированное покрытие\r\nСтруны - Roslau\r\nРама - никелированное покрытие', 5, '2024-06-07 14:51:03', '2024-06-07 14:51:12', 0),
(22, 'Samick JS121MD EBHP', 60000.00, 10.00, 4, 'Пианино Samick JS121MD EBHP\r\nРазмеры: 121 х 150 х 61 (В х Ш х Г)\r\nВес - 221 кг\r\nВирбельбанк - клен\r\nВирбели - никелированное покрытие\r\nСтруны - Roslau\r\nРама - никелированное покрытие', 5, '2024-06-07 14:52:15', '2024-06-07 14:52:15', 0),
(23, 'Kawai GL-10 M/PEP', 115000.00, 10.00, 1, 'Штиц (упор для подъема крышки): 2\r\nТип: Рояль\r\nГабариты (Д х Ш х В): 153x150x102 см\r\nВес: 282 кг\r\nПокрытие клавиш: Акрил/Фенол\r\nМеханизм: Millennium III', 6, '2024-06-07 14:53:12', '2024-06-07 14:53:12', 0),
(24, 'Orla Grand-500-WHITE', 90000.00, 10.00, 1, 'Клавиатура: с градуированной молоточковой механикой, 88 клавиш.\r\nДисплей: 2 строки, с подсветкой.\r\nПолифония: 128 нот.\r\nДемо: 20 демо песен.', 6, '2024-06-07 14:54:02', '2024-06-07 14:54:02', 0),
(25, 'Rolling Rock JR-2232C', 15000.00, NULL, 2, 'Ударная установка Rolling Rock JR-2232C Plasma Барабаны: Бас-бочка 22\"х16” Том-бас 16”x16\" Том-альт 13”x10\" Том-альт 12”x9\" Малый-барабан 14”x 5,5\". В комплекте: стойки для малого барабана,для тарелки -2шт, Hi-Hat, педаль, Тарелки 12”х2, 14”х1 16”х1СТУЛ . Расцветка - ЖЕЛТАЯ ПЛАЗМА. Фурнитура - ХРОМ', 9, '2024-06-07 14:55:41', '2024-06-07 14:55:41', 0),
(26, 'Rolling Rock JR-2221A', 11000.00, NULL, 3, 'Ударная установка Rolling Rock JR-2221A RD Барабаны: Бас-бочка 22\"х16” Том-бас 16”x16\" Том-альт 13”x10\" Том-альт 12”x9\" Малый-барабан 14”x 5,5\". В комплекте: стойки для малого барабана,для тарелки -1шт, Hi-Hat, педаль, Тарелки 12”х2, 14”х1 СТУЛ НЕ В КОМПЛЕКТЕ. Цвет КРАСНОЕ ВИНО МЕТАЛЛИК. Фурнитура - матовый черный.', 9, '2024-06-07 14:56:24', '2024-06-13 06:37:09', 1),
(27, 'Behringer XD80USB', 7000.00, 10.00, 4, 'Электронная ударная установка из 8 предметов с HDS240USB звуковым модулем\r\n- 10 фабричных пресетов плюс 5 программируемых пользователем\r\n- 175 студийного класса звуков барабанов, тарелок и перкуссии\r\n- Реалистичные ощущения при игре\r\n- 2-зонные пэды малого барабана и томов', 10, '2024-06-07 14:57:40', '2024-06-07 14:57:40', 0),
(28, 'Medeli DD309', 3000.00, 10.00, 5, 'Компактный набор ударных Medeli DD-309 – великолепный вариант для гастролирующих музыкальных групп и композиторов, работающих дома и не желающих использовать массивные, занимающие много места установки. Этот музыкальный инструмент сочетает в себе функциональность, автономность и расширяемость, благодаря чему может без проблем использоваться для создания и исполнения партий любой сложности.', 10, '2024-06-07 14:58:19', '2024-06-14 09:43:30', 0),
(29, 'Yamaha P-45B', 35000.00, NULL, 10, 'Аутентичный опыт игры на фортепиано.\r\nМодель P-45 имеет стандартную градуированную молоточковую клавиатуру (GHS). Ощущение клавиатуры постепенно меняется в зависимости от регистра, так что она становится тяжелее при воспроизведении басовых партий и легче при воспроизведении высоких частот. Черные матовые клавиши еще больше приближают ощущения к игре на акустическом фортепиано.', 4, '2024-06-10 03:48:54', '2024-06-10 03:49:37', 0),
(30, 'Samick JS043UD/WHHP', 20000.00, 10.00, 11, 'Пианино Samick JS043UD/WHHP\r\nРазмеры: 110 х 140 х 55 (В х Ш х Г)\r\nВес - 204 кг\r\nВирбельбанк - клен\r\nВирбели - никелированное покрытие\r\nСтруны - Roslau\r\nМолоточки - клен, войлочное покрытие FFW (Германия)\r\nКлавиатура - полноразмерная\r\nКрышка клавиатуры с плавным опусканием', 5, '2024-06-10 03:50:36', '2024-06-10 03:50:36', 0),
(31, 'Kawai NV10S', 100000.00, NULL, 5, '— Не имеющая аналогов рояльная механика Millennium III Hybrid.\r\n— Уникальный педальный механизм как у настоящего акустического рояля.\r\n— Передовая технология генерации звучания фортепиано SK-EX Rendering с мультиканальным семплированием.', 6, '2024-06-10 03:51:57', '2024-06-10 03:51:57', 0),
(32, 'Tama ST52H4C-BNS', 12000.00, 10.00, 3, 'Ударная установка из 5-ти барабанов со стойками и тарелками.\r\n\r\nКомплект барабанов: бас-бочка 22\" х 16\", том томы 10\" x 8\" и 12\" х 9\", напольный том 16\" х 15\", малый барабан 14\" х 5.5\".\r\n\r\nКомплект стоек: двойной держатель томов с креплением на бас-бочку, стойка для хай-хэта, наклонная стойка под тарелку, стойка под малый барабан, педаль для бас-бочки.', 9, '2024-06-10 03:52:46', '2024-06-10 03:52:46', 0),
(33, 'Dixon PODFM320RY Fuse Maple', 20000.00, 10.00, 5, 'Барабаны серии Fuse Maple изготовлены из клена и красного дерева и предназначены для барабанщиков, которые с самого начала ожидают большего. В качестве первой ударной установки или достойного обновления, Fuse предлагает профессиональные функции и отделку, чтобы произвести впечатление, повысить производительность и поднять планку.', 9, '2024-06-10 03:53:24', '2024-06-10 03:53:24', 0),
(34, 'IK Multimedia Uno Drum', 11000.00, NULL, 7, 'Драм машина\r\n6 аналоговых голосов (звуков)\r\n12 голосов с высококачественной генерацией звуков \"ПиСиЭм\"\r\n54 hochwertige Samples der SampliTube-Library\r\n11-кратная полифония\r\nСинтезатор\r\nСеквенсер: 64-шаговый секвенсер', 10, '2024-06-10 03:54:39', '2024-06-10 03:54:39', 0),
(35, 'Medeli DD112', 1000.00, 10.00, 11, 'Барабанные пэды: 4 триггера с мигающим индикатором.\r\nДисплей: ЖК-дисплей с подсветкой.\r\nМакс. полифония: 16.\r\nГолоса: 84.\r\nИгра (ритм): 60 пресетов.\r\nФункция обучения: 2 режима, 28 пресетов.\r\nТемп: 40 – 240.', 10, '2024-06-10 03:55:12', '2024-06-10 03:55:55', 0),
(36, 'Novation LaunchKey Mini MK3', 1500.00, 10.00, 11, 'Компания Novation представила новый MIDI-контроллер Novation LaunchKey Mini Mk3. Портативный контроллер для Ableton Live развивает идеи, заложенные в предыдущей версии устройства. На первый взгляд модель мало чем отличается от бюджетных компактных устройств других компаний, но на деле готов похвастаться наличием встроенного арпеджиатора и программного обеспечения Components для тонкой настройки.', 7, '2024-06-10 03:56:51', '2024-06-10 03:56:51', 0),
(37, 'M-Audio Keystation 49 MK3', 12000.00, 10.00, 5, 'MIDI-контроллер M-Audio Keystation 49 MK3 относится к обновленной линейке клавиатур с полным набором класических творческих возможностей и обновленным программным обеспечением. Модель отличается чувствительными к скорости нажатия клавишами, кнопкой октавного диапазона, модуляцией звука и интуитивным управлением без необходимости использовать мышь или трекпад, что упрощает и улучшает рабочий процесс записи.', 7, '2024-06-10 03:57:30', '2024-06-13 06:37:02', 1),
(38, 'Arturia KeyLab mkII 49 Black', 15000.00, 10.00, 7, 'MIDI- и USB-совместимый контроллер с поддержкой протоколов MCU и HUI;\r\n49 чувствительных к силе нажатия клавиш с технологией Arturia Pro-Feel;\r\nпрочный алюминиевый корпус, высокое качество сборки;\r\nметаллические колёса Pitch Bend и Modulation;\r\nчетыре CV-выхода и один вход для подключения к модульным системам;\r\nполная интеграция со всеми программными инструментами Arturia, включая Analog Lab;', 7, '2024-06-10 03:58:07', '2024-06-10 03:58:07', 0),
(39, 'Medeli MK300', 10000.00, 10.00, 11, 'Подключение: 1 x USB-B (MIDI), разъем для наушников/выход (1 x 1/4\"), педаль сустейна.\r\nСлой: L, R1, R2.\r\nРазделение клавиатуры: да.\r\nУправление стилем: Старт / Стоп, Синхронный старт, Вступление / Окончание, Основная часть A / Вставка A, Основная часть B / Вставка B, режим аккорда.\r\nТипы аккордов: 32.\r\nРеверберация: 10 типов, 33 уровня.', 8, '2024-06-10 03:59:28', '2024-06-10 03:59:28', 0),
(40, 'Casio CT-X700', 11000.00, 10.00, 8, '61 Сенсорная клавиша\r\nРеволюционный звуковой процессор AiX\r\nФункция  регистрационной  памяти\r\nЗапись и сохранение ваших выступлений\r\nЖК-дисплей с подсветкой\r\nПодключение смартфона или планшета\r\nАрпеджиатор\r\n310 музыкальных пресетов\r\nРедактор ритма\r\nРазъем USB', 8, '2024-06-10 04:00:15', '2024-06-10 04:00:15', 0),
(42, 'Fleet DP200', 1000.00, 10.00, 11, 'Педаль оснащена цепным приводом, имеет возможность настройки угла наклона футборда и колотушки. Педаль оснащена регулируемым зажимом, для крепления к обручу басового барабана. Ножки педали оснащены стальными шипами (опционально) для предотвращения скольжения.', 11, '2024-06-10 04:14:39', '2024-06-10 04:14:39', 0),
(43, 'Fleet FLT-DP100', 800.00, 10.00, 11, 'Привод с двойной цепью.\r\nГладкая площадка для быстрого отклика.\r\nПрозрачная синяя двойная колотушка.\r\nПростая регулировка натяжения пружины.\r\nКрепление к ободу бас-барабана с помощью барабанного ключа.\r\nПрочная опорная плита со шпорами и резиновой накладкой.\r\nВ комплекте барабанный ключ.', 11, '2024-06-10 04:15:30', '2024-06-10 04:15:30', 0),
(44, 'Rolling Rock PD-100', 1000.00, 10.00, 7, 'Педаль для бас-барабана Rolling Rock PD-100\r\n    одиночная на платформе,\r\n    цепной привод', 11, '2024-06-10 04:16:17', '2024-06-10 04:16:17', 0),
(45, 'John Packer JP041', 21000.00, 10.00, 10, 'Строй: Eb.\r\nКорпус: ребра жесткости, двойной вал B и C-клапанов.\r\nРаструб: декоративная гравировка.\r\nНастраиваемый упор большого пальца, высокий клапан F#, передний клапан F, подушки с резонаторами.\r\nОтделка: лак.\r\nМундштук, колпачок, трость и легкий футляр в комплекте.', 13, '2024-06-10 04:30:23', '2024-06-10 04:30:23', 0),
(46, 'Roy Benson SG-302', 20000.00, 10.00, 11, 'Строй: Bb\r\nМатериал корпуса: латунь\r\nМатериал механики: латунь\r\nЭсы: прямой и изогнутый с системой RND\r\nКлапаны: высокий F#, H/Bb\r\nПружины: закаленная сталь\r\nМундштук: Ernst Schreiber (ESM)\r\nПодушки: PISONI\r\nПокрытие: прозрачный лак\r\nВ комплекте: облегченный футляр с рюкзак-системой', 13, '2024-06-10 04:31:20', '2024-06-10 04:31:20', 0),
(47, 'Roy Benson AS-202 Eb', 17000.00, NULL, 5, 'Корпус и механика из латуни\r\nКлапан высокого F#, H/B-качели\r\nЗакаленные стальные пружины\r\nЛаковое покрытие\r\nМундштук с колпачком и лигатурой\r\nВ комплекте гайтан и тряпочка для протирки\r\nЛегкий прямоугольный футляр с рюкзак-системой', 13, '2024-06-10 04:32:01', '2024-06-10 04:32:01', 0),
(48, 'John Packer JP045B', 18000.00, 10.00, 7, 'Строй: Eb.\r\nКорпус: желтая латунь, ребра жесткости, двойной вал B и C.\r\nНастраиваемый упор большого пальца, высокий клапан F#, фронтальный клапан F, итальянские кожаные подушки с резонаторами.\r\nПружины из вороненой стали, крепление лиры, перламутровые накладки.\r\nОтделка: черный/золото.\r\nМундштук, лигатура, колпачок, трость и легкий футляр в комплекте.', 13, '2024-06-10 04:32:39', '2024-06-10 04:32:39', 0),
(49, 'John Packer JP011 MKII', 25000.00, 10.00, 10, 'Строй: С.\r\nПосеребренная.\r\nВыступающий клапан G.\r\nМи-механика.\r\nЛегкий футляр в комплекте.', 14, '2024-06-10 06:36:09', '2024-06-10 06:36:09', 0),
(50, 'Nuvo jFlute - Black/Black', 1800.00, NULL, 6, 'Nuvo jFlute — Black/Black — это флейта без резонаторов. Строй — С (до). Цвет корпуса — белый/синий. Корпус этой флейты изготовлен из специального материала — АБС-пластик. Флейта имеет приятное, сфокусированное звучание. Эта модель хорошо подойдет для обучения и для музыкантов, планирующих в будущем перейти на деревянные флейты.', 14, '2024-06-10 06:36:40', '2024-06-10 06:36:40', 0),
(51, 'Angel AWF-N (AF-10)', 700.00, 10.00, 13, 'Материал: пластик АБС.\r\nФранцузская система.\r\nДлина: 340мм.\r\nДве части.\r\nТональность: С.\r\nДиапазон: C5-D7.\r\nВ комплекте: чехол, средства для ухода.', 14, '2024-06-10 06:37:15', '2024-06-10 06:37:15', 0),
(53, 'Nuvo jFlute White/Pink', 1300.00, 10.00, 11, 'Nuvo jFlute - White/Pink - это флейта без резонаторов. Строй - С (до). Цвет корпуса - белый/розовый. Корпус этой флейты изготовлен из специального материала - АБС-пластик. Флейта имеет приятное, сфокусированное звучание. Эта модель хорошо подойдет для обучения и для музыкантов, планирующих в будущем перейти на деревянные флейты.', 14, '2024-06-10 06:38:37', '2024-06-13 06:37:16', 1),
(54, 'Roy Benson TТ-220', 12000.00, 10.00, 11, 'Тромбон созданный для самых маленьких начинающих исполнителей 7-10 лет. Эта модель тромбона разработана с укороченной кулисой для детей с небольшими ручками и позволяет начать обучение с самого раннего возраста.', 15, '2024-06-10 06:39:31', '2024-06-10 06:39:31', 0),
(55, 'Brahner TB-420', 10000.00, 10.00, 10, 'Тромбон-тенор ‘’Bb/F’’ Brahner TB-420 (Пр-во КНР) c квартвентилем, материал - желтая медь, покрытие -  прозрачный лак, тампаковый раструб, мензура 13,89 мм, диаметр раструба 215 мм, хромированная кулиса, мундштук, облегченный кейс', 15, '2024-06-10 06:40:06', '2024-06-10 06:40:06', 0),
(56, 'Brahner TB-436', 10000.00, 10.00, 10, 'Тромбон-ТЕНОР ‘’Bb/F’’ Brahner TB-436 (Пр-во КНР) c квартвентилем, материал - желтая медь, покрытие - прозрачный лак, тампаковый раструб, мензура 13,33 мм, диаметр раструба 203 мм, хромированная  кулиса, мундштук, облегченный кейс', 15, '2024-06-10 06:40:35', '2024-06-10 06:40:35', 0),
(57, 'A.Courtois AC280BO-1-0', 25000.00, 10.00, 7, 'Строй Bb/F\r\nМензура 13,89 мм (.547\")\r\nОткрытая развернутая крона F для полного свободного звука (open wrap)\r\nКорпус лакированная латунь\r\nКулиса лакированная латунь\r\nТрадиционный сливной клапан\r\nФиксированный раструб из желтой латуни ручной ковки диаметром 215 мм (8.46\")\r\nМундштук \"Antoine Courtois\" производства Denis Wick ACM9L-2 в комплекте\r\nЛегкий кейс в комплекте', 15, '2024-06-10 06:41:15', '2024-06-10 06:41:15', 0),
(58, 'John Packer JP021', 6000.00, 10.00, 10, 'Строй: Bb.\r\nКорпус: эбонит.\r\nНикелированный клапанный механизм.\r\nОтделка: имитация фактуры древесины.\r\nДва бочонка, настраиваемый упор большого пальца.\r\nМундштук, колпачок, лигатура, трость и легкий футляр в комплекте.', 16, '2024-06-10 06:42:28', '2024-06-10 06:42:28', 0),
(59, 'Nuvo Clarino', 7000.00, 10.00, 10, 'Nuvo Clarin?o (White/Blue) представляет собой легкий кларнет. Строй - С (до), диапазон звучания более трех октав. Цвет корпуса - белый/синий. Корпус этого кларнета изготовлен из специального прочного материала - АБС-пластик. Кларнет имеет приятное, сфокусированное звучание. Эта модель хорошо подойдет для обучения и для музыкантов, планирующих в будущем перейти на более дорогие, профессиональные инструменты.', 16, '2024-06-10 06:42:58', '2024-06-10 06:42:58', 0),
(60, 'Patricola PT.CL.2V Virtuoso Rosewood', 100000.00, 10.00, 3, 'Профессиональный кларнет в строе си бемоль (Bb), изготовленный полностью вручную с большим вниманием к деталям\r\nДревесина палисандра , высушенная естественным образом в течение 11-13 лет\r\nМеханические части изготовлены из мельхиора и посеребрены (Возможно золочение за дополнительную плату)\r\nПодушечки клапанов с покрытием из натуральной кожи', 16, '2024-06-10 06:43:33', '2024-06-10 06:43:33', 0),
(61, 'Cascha HH-2134', 7000.00, 10.00, 12, 'Скрипка размером 1/2.\r\nВерхняя дека: массив ели.\r\nКорпус: массив клена.\r\nНакладка грифа, подбородник и колки: черное дерево.\r\nАлюминиевый струнодержатель с 4 машинками.\r\nВ комплекте смычок, канифоль, запасные струны, мостик.\r\nМягкий футляр со съемным плечевым ремнем, отделом для аксессуаров и нот.', 18, '2024-06-10 07:04:48', '2024-06-10 07:04:48', 0),
(62, 'Andrew Fuchs M-2', 6000.00, NULL, 12, 'Скрипка Andrew Fuchs M-2 размер 1/2\r\n    КОМПЛЕКТ - кейс + смычок + мостик из дерева - груша + канифоль\r\n    верхняя дека резонансная ель массив,\r\n    нижняя дека двухчастная из отборного волнистого клёна,\r\n    обечайка клен,\r\n    гриф клен,\r\n    накладка на грифе черное дерево (эбони),\r\n    колки (с инкрустацией) и подбородник черное дерево,\r\n    струнодержатель (с инкрустацией) с 4 машинками микроподстройки', 18, '2024-06-10 07:05:24', '2024-06-10 07:05:24', 0),
(63, 'ANTONIO LAVAZZA VL-20 RD', 3000.00, NULL, 10, 'Форма корпуса: Классический\r\n    Верхняя дека: Ель\r\n    Нижняя дека и обечайки: Клен\r\n    Гриф: Клен\r\n    Накладка на грифе: Черное дерево\r\n    Подбородник: Деревянный черный\r\n    Колки: Деревянные черные\r\n    Струнодержатель металлический с 4-мя машинками', 18, '2024-06-10 07:06:07', '2024-06-10 07:06:07', 0),
(64, 'Hofner AS-060', 7000.00, 10.00, 10, 'Тип Скрипичный комплект\r\n    Серия Alfred Stingl\r\n    Размер скрипки 1/2\r\n    Верхняя дека Массив резонансной ели\r\n    Нижняя дека и обечайки Массив клена\r\n    Гриф Клен Накладка грифа Эбони (черное дерево)\r\n    Колки и подбородник Эбони (черное дерево)\r\n    Струнодержатель С 4 машинками\r\n    Отделка Глянцевый лак', 18, '2024-06-10 07:06:40', '2024-06-10 07:06:40', 0),
(65, 'HLE3301Glenn', 25000.00, 10.00, 10, 'Арфа леверсная.\r\n33 струны.\r\nМатериал: клен.\r\nЦвет: натуральный.\r\nПокрытие: лак.\r\nРазмеры: 120 х 71 х 7 см.\r\nВес: 6 кг.', 19, '2024-06-10 07:08:24', '2024-06-10 07:08:24', 0),
(66, 'Lamtoys 6028', 1500.00, 10.00, 11, 'Детская арфа может стать первым музыкальным инструментом вашего ребенка.\r\nВ комплект к данному струнному музыкальному инструменту прилагается медиатор, настроечный ключ и запасная струна.\r\nИгра на арфе развивает у ребенка мелкую моторику, координацию движений обеих рук и, конечно же, формирует музыкальный слух и чувство гармонии.', 19, '2024-06-10 07:08:55', '2024-06-10 07:08:55', 0),
(67, 'Fante LY-1603', 1700.00, NULL, 21, 'Fante LY-1603 Арфа, 16 струн', 19, '2024-06-10 07:39:39', '2024-06-10 07:39:39', 0),
(68, 'Caraya MC760R-1/2', 12000.00, 10.00, 1, NULL, 20, '2024-06-10 07:54:39', '2024-06-10 07:54:39', 0),
(69, 'BRAHNER BC-11', 8000.00, 10.00, 12, 'КОМПЛЕКТ - смычок + чехол\r\nстуденческая модель,\r\nверхняя дека – ель,\r\nнижняя дека и обечайка – липа,\r\nгриф – клен, накладка на грифе и колки – черные,  \r\nструнодержатель – металлический с 4-мя машинками', 20, '2024-06-10 07:56:20', '2024-06-10 07:56:20', 0),
(70, 'Andrew Fuchs CL-200L', 9000.00, 10.00, 12, 'Размер 1/2\r\n    Верхняя дека резонансная ель массив,\r\n    Нижняя дека двухчастная из отборного волнистого клёна,\r\n    Гриф клен\r\n    Накладка на грифе черное дерево (эбони),\r\n    Колки (с инкрустацией)\r\n    Струнодержатель металлический с 4-мя машинками\r\n    Отделка лак\r\n    Подставка - клен\r\n    Смычок - белый волос', 20, '2024-06-10 07:56:56', '2024-06-10 07:56:56', 0),
(72, 'ALPHA AUDIO A-AMP', 12000.00, 10.00, 5, 'Описание,характеристики активного сабвуфера Alpha Audio A-AMP pro SUB 12:\r\n12\" сабвуфер в корпусе из черного мультиплекса\r\nRMS мощность: 300 Вт\r\nМаксимальная мощность: 600 Вт\r\nЧастотный диапазон: 47Гц-125кГц (-10 дБ)\r\nАктивный кроссовер с фильтром высоких частот 80Гц ( аналоговый процессор)\r\nВходная чувсивительность: линейный вход:0дБ', 22, '2024-06-10 08:00:31', '2024-06-10 08:00:31', 0),
(73, 'Invotone DSX218S', 16000.00, NULL, 5, 'INVOTONE DSX218S – пассивный сабвуфер\r\nКорпус выполнен из фанеры с покрытием, устойчивым к царапинам, две металические ручки для переноски, металическая решетка.\r\nНа задней части корпуса 2 разъема Speakon\r\nВ верхней части корпуса расположен стандартный 36 мм адаптер для установки акустической системы на стойку.', 22, '2024-06-10 08:01:00', '2024-06-10 08:01:00', 0),
(74, 'Invotone DSX15SA', 15000.00, 10.00, 6, 'INVOTONE DSX15SA – активный сабвуфер\r\nКорпус выполнен из фанеры с покрытием, устойчивым к царапинам, две металические ручки для переноски, металическая решетка.\r\nВ верхней части корпуса расположен стандартный 36 мм адаптер для установки акустической системы на стойку.\r\nУсилитель класса D, с импульсным блоком питания и DSP.\r\nЭлектронная защита усилителя:\r\nот короткого замыкания и перегрева, от перегрузки, встроенный аналоговый лимитер и компрессор.', 22, '2024-06-10 08:01:33', '2024-06-10 08:01:33', 0),
(75, 'Leem PR-6', 12000.00, 10.00, 7, 'Входы: линейный, микрофонный.\r\nЭквалайзер: двухполосный /15дБ.\r\nЧастотный диапазон: 50Гц-20кГц.\r\nКоэффициент нелинейных искажений THD: <0,1% 20Гц-20кГц.\r\nМощность RMS (установленная максимальная синусоидальная мощность): 25Вт.\r\nМощность пиковая: 50Вт.', 21, '2024-06-10 08:02:51', '2024-06-10 08:02:51', 0),
(76, 'Leem ABS-15', 5000.00, 10.00, 13, 'НЧ драйвер 1х15\" (2,5\" V.C.)\r\nВЧ компресионный драйвер 1х44мм с титановой диафрагмой\r\nМощность 300 Вт\r\nRMS\r\nСопротивление 8 Ом\r\nДиапазон частот 40 Гц-20 кГц\r\nЧувствительность 1Вт/1м 90дБ\r\nГабариты 450х355х685 мм\r\nВес 22 кг', 21, '2024-06-10 08:03:20', '2024-06-10 08:03:20', 0),
(77, 'Behringer B112W', 6000.00, 10.00, 5, 'Мощности встроенных усилителей:\r\nНЧ (максимальная выходная мощность) - 700 Вт\r\nВЧ (максимальная выходная мощность) - 300 Вт\r\nАудио входы:\r\nXLR\r\nЧувствительность -36 dBu – 0 dBu\r\nСопротивление - 14 кОм', 21, '2024-06-10 08:03:54', '2024-06-10 08:03:54', 0),
(78, 'Shure 55SH series II', 8000.00, 10.00, 13, 'Технические характеристики:\r\nТип: динамический\r\nНаправленость: кардиоида\r\nЧастотный диапазон: 50 Гц - 15 кГц\r\nИмпеданс: 150 Ом (реально 270 Ом)\r\nПодключение (разъем): XLR\r\nРекомендуемое сопротивление входа: от 75 Ом до 300 Ом\r\nКорпус: литье, хромированный\r\nГабаритные размеры: 56х188х78 мм', 23, '2024-06-10 08:04:47', '2024-06-10 08:04:47', 0),
(79, 'Sennheiser E835S', 3000.00, NULL, 14, 'Прочный металлический корпус\r\nПревосходное подавление обратной связи и звуков вне оси направленности\r\nАнтишоковая подвеска капсюля\r\nЭффективное ослабление структурных шумов\r\nСбалансированная частотная отдача\r\nТеплый, прозрачный тональный баланс', 23, '2024-06-10 08:05:22', '2024-06-10 08:05:22', 0),
(80, 'RODE M1', 2000.00, 10.00, 12, 'Концертный динамический вокальный микрофон\r\n    Неодимовый капсюль с высоким уровнем выходного сигнала\r\n    Позолоченный XLR разъем\r\n    Встроенный поп-фильтр для уменьшения звуков от шипящих и взрывных звуков\r\n    Подавление обратной связи\r\n    Металлический корпус\r\n    Низкий уровень шумов\r\n    Разработан и произведен в Австралии\r\n    Пожизненная гарантия', 23, '2024-06-10 08:06:02', '2024-06-10 08:06:02', 0),
(81, 'Alctron PM05', 400.00, NULL, 15, 'Диаграмма направленности: гиперкардиоида.\r\nДиапазон частот: 50 Гц-15 кГц.\r\nЧувствительность: -53 дБ ± 3 дБ (0dB=1V/Pa 1000Hz).\r\nВыходное сопротивление: 600.\r\nМаксимальный уровень звукового давления: 144 дБ.', 23, '2024-06-10 08:06:37', '2024-06-10 08:06:37', 0),
(82, 'LAudio LS-Q5-2M', 3000.00, 10.00, 15, '2 ручных передатчика.\r\nДиапазон несущей частоты: 433.050-434.790 МГц.\r\nСтабильность: <± 20ppm.\r\nДинамический диапазон: 95 дБ.\r\nПолный коэффициент гармонических искажений: <0.5%.\r\nЧастотная характеристика: 50 Гц - 18 кГц ± 3 дБ.\r\nАудио выход: балансный: 0 - 700мВ; Mix: 0 - 300 мВ.', 24, '2024-06-10 08:08:17', '2024-06-10 08:08:17', 0),
(83, 'VOLTA US-102 with aluminuim case', 6000.00, 10.00, 12, 'Приёмник системы\r\n2 ручных микрофона\r\n4 антенны\r\nПодарочная упаковка\r\nНесимметричный кабель JACK-JACK\r\nТестовые батарейки АА- 4 шт\r\nБлок питания\r\nКрепления в рэк 19\"\r\nИнструкция пользователя', 24, '2024-06-10 08:17:09', '2024-06-10 08:17:09', 0),
(84, 'JTS SIEM111T', 7000.00, 10.00, 15, 'Несущая частота: 502 - 960 МГц.\r\nДевиация частоты: ±40 кГц.\r\nВыходная мощность радиочастоты: 10 мВт.\r\nИмпеданс: 20 кОм.\r\nВходной уровень номиналный / максимальный: -10;0/10;20.\r\nLCD дисплей: AF уровень, стерео/моно, группа, канал, частота.\r\nВход: 2 балансных XLR, небалансный phone Combo Socket х 6.3 мм', 24, '2024-06-10 08:17:47', '2024-06-10 08:17:47', 0),
(85, 'Behringer UMC22', 800.00, 10.00, 12, '1 микрофонный предусилитель MIDAS\r\nИндикаторы статуса, сигнала и перегруза для безупречного анализа\r\nПрограммное обеспечение аудио записи, редактирования и подкастинга, а также 150 инструментов и плагинов эффектов – доступно для скачивания на сайте компании\r\nUSB порт для подключения и питания интерфейса', 25, '2024-06-10 09:28:58', '2024-06-10 09:28:58', 0),
(86, 'TC Helicon GO XLR MINI', 1400.00, 10.00, 15, 'микрофонные входы: балансный разъем XLR или небалансный разъем TS 1/8 дюйма.\r\nфантомное питание: +24 В, включается через приложение.\r\nлинейный вход: стерео TRS 1/8 дюйма.\r\nлинейный выход: стерео TRS 1/8 дюйма.\r\nвыход на наушники: стерео TRS 1/8 дюйма.\r\nпорт USB-B 2.0.\r\nоптический разъем: Toslink.\r\nконтроллеры: 4 фейдера, 6 кнопок, подсветка RGB.\r\nАЦ/ЦА-преобразование: 24 бита и 48 кГц.', 25, '2024-06-10 09:29:47', '2024-06-10 09:29:47', 0),
(87, 'Behringer VOICE STUDIO', 2300.00, 10.00, 10, 'Входы: микрофонный XLR, линейный 1/4 дюйма TRS, инструментальный Hi-Z 1/4 дюйма TRS.\r\n    Входной импеданс: микрофонный: 3 кОм балансный/1,5 кОм небалансный, инструментальный: 800 кОм.\r\n    Максимальный входной уровень: микрофонный: +1 дБн/линейный: +22 дБн, Hi-Z: +12 дБн.\r\n    Фантомное питание: микрофонный вход, +48 В, переключаемое.', 25, '2024-06-10 09:30:37', '2024-06-10 09:30:37', 0),
(88, 'Focusrite Scarlett-18i8-3rd-gen', 12000.00, 10.00, 5, 'Подключение: USB type-C.\r\nПротокол: USB 2.0.\r\nФорм-фактор: настольный.\r\nОдновременный вход/выход: 18 x 8.\r\nРазрешение АЦП: 24 бит/192 кГц.\r\nКоличество предусилителей: 4.\r\nФантомное питание: да.\r\nИнструментальные входы: 2.\r\nЛинейные входы: 8.', 25, '2024-06-10 09:31:16', '2024-06-10 09:31:16', 0),
(89, 'Behringer FCB1010 MIDI-контроллер', 700.00, 10.00, 12, 'Коммутация устройства :\r\n- MIDI-интерфейс : разъемы IN, OUT/THRU, 5-ти контактные DIN\r\n- Релейный выход SWITCH : гнездо 1/4 Jack\r\nПитание : интегрированный адаптер питания.\r\nРекомендуемое напряжение сети : 200 - 240 В, 50-60 Гц.\r\nПредохранитель : интегрированный (T 50 mA H).\r\nПотребляемая мощность : 10 Вт.\r\nГабаритные размеры : 60 мм. x 687 мм. x 221 мм.\r\nВес : около 2 кг.', 26, '2024-06-10 09:32:39', '2024-06-10 09:32:39', 0),
(90, 'Behringer X-TOUCH EXTENDER', 1200.00, 10.00, 12, 'Новинка имеет восемь длинноходовых фейдеров, восемь энкодеров и 32 кнопки с подсветкой, а её коммутационные возможности представлены интерфейсами USB и Ethernet. Также имеется 2-портовый USB-хаб и 8 миниатюрных дисплеев Scribble Strips, унаследованных у флагмана линейки.', 26, '2024-06-10 09:33:10', '2024-06-10 09:33:10', 0),
(91, 'Akai Pro MPD218', 3100.00, NULL, 11, 'MPD218 идеально подходит как для продюсеров, так и для музыкантов и диджеев. Невероятно простой в использовании, он наделен переосмысленной панелью управления из MPC-пэдов, а USB-подключение расширяет границы ваших возможностей. И самая приятная новость – в комплекте с прибором идет мощный пакет ПО общей стоимостью более 400 долларов, который вы получите абсолютно бесплатно!', 26, '2024-06-10 09:33:45', '2024-06-10 09:33:45', 0),
(92, 'AKG P420', 2100.00, NULL, 11, 'Корпус Perception 420 выполнен из цинк-алюминиевого сплава с прецизионной обработкой и оснащен решетчатым экраном из нержавеющей стали. Микрофон поставляется в комплекте с противоударным креплением типа \"паук\" и алюминиевым кейсом.', 27, '2024-06-10 09:34:23', '2024-06-10 09:34:23', 0),
(93, 'BEHRINGER B-1 PRO', 1400.00, NULL, 10, 'Диаграмма направленности кардиоида\r\nЧастотная характеристика 20—20000 Гц\r\nТип микрофона конденсаторный\r\nЧувствительность 20 мВ / Па\r\nСопротивление 50 Ом\r\nМакс. звуковое давление 148, 1 КГц на 1 % КНИ\r\nРазмер 58 O х 174 мм\r\nМасса 461 г\r\nПодключение XLR', 27, '2024-06-10 09:34:53', '2024-06-10 09:34:53', 0),
(94, 'Октава 1171121 МК-117-Н', 1500.00, NULL, 10, 'Характеристика направленности: кардиоида.\r\nРабочий диапазон частот, Гц: 20 – 20000.\r\nЧувствительность микрофона по свободному полю на частоте 1000 Гц, мВ/Па, не менее: 20.\r\nНоминальный импеданс, Ом: 300.\r\nНоминальное сопротивление нагрузки, Ом: 1000.\r\nЭквивалентный уровень шума, дБ: 20.\r\nМаксимальный уровень звукового давления при КНИ 0,5 %, дБ: 124.\r\nПитание: 48 В фантомное питание ICE 61938.\r\nТип разъема: XLR-3.\r\nГабаритные размеры, мм: Ф54х175.\r\nВес, кг: 0,36.', 27, '2024-06-10 09:35:26', '2024-06-10 09:35:26', 0),
(95, 'Alctron CU28', 1100.00, 10.00, 10, 'Капсюль: 25 мм.\r\nПотребляемая мощность: 5 В, 200 мА.\r\nЧастота дискретизации: мин. 44,1 кГц, макс. 96 кГц.\r\nСкорость передачи: 24 бит / 96 кГц.\r\nЧастотная характеристика: 20 Гц-20 кГц.\r\nЧувствительность: 17,8 мВ / Па (при 1 кГц).\r\nМаксимальный уровень звукового давления: 110 дБ (THD <1% при 1 кГц).', 27, '2024-06-10 09:36:29', '2024-06-10 09:36:29', 0),
(96, 'Tannoy GOLD 7', 21000.00, 10.00, 7, 'Размер ВЧ динамика, в дюймах 1\r\nРазмер НЧ динамика, в дюймах 6,5\r\nАктивная/пассивная Активная\r\nКлеммы Вход+Выход\r\nКоличество ВЧ динамиков 1\r\nБеспроводная нет\r\nМинимальная частота, Гц 46\r\nКоличество динамиков 2\r\nМаксимальная частота, Гц 20000\r\nЧувствительность, дБ/Вт/м 110\r\nКоличество полос 2', 28, '2024-06-10 09:37:48', '2024-06-10 09:37:48', 0),
(98, 'Behringer B1030A', 5000.00, 10.00, 10, 'Усилители А/B класса с активными схемами защиты:\r\n50 Вт - для НЧ\r\n25 Вт - для ВЧ\r\nДинамики:\r\nНЧ - 5,25\" с кевларовым диффузором\r\nВЧ- 1\" купольный твитер\r\nВысокоточный кроссовер с фильтрами Linkwitz-Riley\r\nРаздельно управляемые лимитеры для защиты ВЧ и НЧ динамиков от перегрузок', 28, '2024-06-10 09:39:08', '2024-06-10 09:45:55', 0),
(99, 'Soundsation Clarity-A6-W', 1400.00, 10.00, 10, 'Тип: двухполосный активный с двойным усилением.\r\nПитание от сети: 220-240В /50-60Гц.\r\nПредохранитель: T5AL250V.\r\nЧастотная характеристика (-10 дБ): 45 Гц-22 кГц.\r\nНизкочастотный динамик: 6,5\" (бумажный диффузор).\r\nТвитер: 1,0\" (шелковый купол).\r\nКроссовер: 2,5 кГц.', 28, '2024-06-10 09:47:02', '2024-06-10 09:47:02', 0),
(100, 'N-Audio C8-N-Audio', 2600.00, NULL, 15, 'Программная мощность: 130 Вт.\r\nВыходная мощность (НЧ динамик): 70 Вт.\r\nВыходная мощность (ВЧ динамик): 60 Вт.\r\nМаксимальный уровень звукового 1 м: 100 дБ.\r\nЧастотный отклик (-3 дБ): 38 Гц-22 кГц.\r\nЧастота кроссовера: 2,2 кГц.\r\nКоличество усилителей: 2.\r\nВходная чувствительность: 85 мВ (90 дБА).', 28, '2024-06-10 09:47:41', '2024-06-10 09:47:41', 0),
(101, 'Pioneer DJC-200 BAG', 1500.00, NULL, 12, 'Размеры (Ш x Г x В): 410 x 245 x 75 мм (без учета ручки)\r\nВнутренние размеры (Ш х Г х В): 380 x 223 x 60 мм\r\nМатериалы:\r\nEVA Durashock\r\nЧерный баллистический полиэстер\r\nЧерная флисовая подкладка\r\nЯчеистые вставки', 29, '2024-06-10 09:48:25', '2024-06-10 09:48:25', 0),
(102, 'Gator G-TOUR DSP DDJ1000', 4800.00, 10.00, 14, 'Gator G-Tour DSP DDJ 1000, кейс контроллера с выдвижной платформой, специально предназначенный для Pioneer DDJ1000, раздвижная платформа для рабочего места для ноутбука, внутренняя обивка EVA, красные утопленные поворотные защелки и подпружиненные резиновые рукоятки, крепежные детали промышленного класса, съемная передняя панель', 29, '2024-06-10 09:49:08', '2024-06-10 09:49:08', 0),
(103, 'GATOR G-CLUB CONTROL-27BP', 800.00, 10.00, 12, 'Ремни для переноски.\r\nДополнительные карманы для принадлежностей\r\nЭргономичный дизайн\r\nНепромокаемая ткань\r\nРазмеры внутренние:\r\nДлина - 736.6 мм.\r\nШирина - 381 мм.', 29, '2024-06-10 09:49:58', '2024-06-10 09:49:58', 0),
(104, 'Laudio Orca-Pad48 MIDI', 3000.00, 10.00, 13, 'тип: MIDI-контроллер;\r\nпэды: 48 назначаемых, чувствительных к нажатию, с LED-подсветкой;\r\nповоротные регуляторы: 8 назначаемых;\r\nфейдеры: 8 назначаемых;\r\nкнопки: 16 назначаемых;\r\nразъемы: вход и выход MIDI, порт USB, питания;\r\nпитание: через порт USB/от постоянного тока 9 В;\r\nсовместимость с ОС: поддерживает Windows 10/8/7/XP/Vista, а также Mac OSX.', 30, '2024-06-10 09:51:07', '2024-06-10 09:51:07', 0),
(105, 'LAudio KS-25A MIDI', 2000.00, 10.00, 14, 'MIDI-канал каждого переключателя может быть настроен независимо. Можно настроить на 160 контроллеров.\r\nФункции программы, двойной и разделенной клавиатуры, темпа, отключения звука и так далее.\r\nМногофункциональная клавиатура.\r\n1 MIDI выход. 1 USB-порт.\r\nПитание от USB и постоянного тока 9 В.', 30, '2024-06-10 09:51:51', '2024-06-10 09:51:51', 0),
(106, 'Korg Kaoss Replay', 25000.00, 10.00, 6, 'Kaoss PAD эффекты: 128 эффектов\r\nЭффекты для микрофона: задержка, ревер, тон\r\nМакс. кол-во проектов: 100\r\nКол-во пэдов: 16\r\nАудио входы: LINE/PHONO, PHONO GAIN, MIC, AUX\r\nАудио выходы: LINE, HEADPHONES\r\nРазъем для подключения контроллера\r\nUSB microB\r\nMIDI IN/OUT\r\nСлот для microSD, microSDHC (32 GB мaкс.)', 30, '2024-06-10 09:52:23', '2024-06-10 09:52:23', 0),
(107, 'Akai Pro MPC One+', 18000.00, NULL, 6, 'Грувбокс оснащен 7-ми дюймовым мультисенсорным дисплеем, который обеспечивает визуальную обратную связь о том, какие процессы происходят в любой момент времени. Экран позволяет пользователям легко перемещаться по различным функциям', 30, '2024-06-10 09:53:00', '2024-06-10 09:53:00', 0),
(108, 'American Audio 10 MXR', 7000.00, 10.00, 6, '10-дюймовый 2-канальный микшер MIDILOG™ (совместим с любым программным ПО Midi с функцией обучения или аналоговыми входами, например, CD-проигрывателями, проигрывателями винила и т. д.)', 31, '2024-06-10 09:53:42', '2024-06-17 13:32:50', 0),
(109, 'Behringer DX626 DJ', 4000.00, 10.00, 12, 'Очень плавный 2-полозковый кроссфейдер ULTRAGLIDE, выдерживающий до 500 000 рабочих циклов\r\n3 двойных стереоканала с регулятором усиления и 3-полосным Kill эквалайзером (-32 дБ)\r\nПервый канал также переключается на микрофонный вход ULN студийного качества\r\nРучная функция Talkover\r\nФункция префейдерного прослушивания PFL с регулировкой баланса Master/PFL', 31, '2024-06-10 09:54:17', '2024-06-10 09:54:17', 0),
(110, 'Behringer VMX300USB', 14000.00, 10.00, 12, '- Функция auto-talkover с отдельным контролем глубины\r\n- Вход для микрофона (технологиии студийного класса ULN)\r\n- Переключатель реверса кроссфейдера\r\n- На передней панели 3-полосные Kill переключатели с революционной клавиатурой типа \"нажмите и удерживайте действие\"\r\n- Позолоченные разъемы RCA для максимального качества сигнала', 31, '2024-06-10 09:54:43', '2024-06-10 09:54:43', 0),
(111, 'Behringer VMX1000USB', 21000.00, 10.00, 10, 'Профессиональный рэковый сверхмалошумящий 7-канальный DJ-микшер с высококачественными микрофонными предусилителями.\r\n- Встроенный USB-интерфейс для записи и воспроизведения любых цифровых музыкальных файлов. Работает с ПК или Mac\r\n- Революционная energy XT2.5 Compact BEHRINGER Edition музыкальной продукции программного обеспечения, входящего в многофункциональный аудио / MIDI секвенсор,', 31, '2024-06-10 09:55:13', '2024-06-10 09:55:13', 0),
(112, 'PIONEER CDJ-350 DJ CD/MP3', 15000.00, NULL, 21, 'CDJ-350 - это качественная DJ дека, которая воспроизводит все профессиональные и популярные форматы с CD или USB, соответствующая новому клубному стандарту CDJ-2000. Кроме того, USB подключение позволяет осуществлять Plug & Play управление совместимым DJ программным обеспечением, а также MIDI управление любым музыкальным программным обеспечением. Вы можете использовать свой CDJ-350 как аудио интерфейс и контроллер в одном устройстве.', 32, '2024-06-10 09:56:01', '2024-06-10 09:56:01', 0),
(113, 'Denon DN-F400', 15000.00, NULL, 14, 'Воспроизведение с SD карт\r\nЗанимает по ширине половину стандартного рэкового места\r\nОрганы управления режимами воспроизведения на задней панели\r\nКнопки на передней панели при необходимости могут быть заблокированы\r\nOLED индикатор статуса\r\nМожет управляться дистанционными контроллерами и интегрироваться в комплексные системы управления – для этого предусмотрены порты RS232 и GPIO', 32, '2024-06-10 09:56:35', '2024-06-10 09:56:35', 0),
(114, 'Подарочный сертификат на 500 леев', 500.00, NULL, 300, 'Вы можете купить у нас подарочный сертфикат на 500 леев для того чтобы подарить его своему другу, члену семьи или ребенку на любое мероприятие из вашей жизни', 36, '2024-06-10 10:00:40', '2024-06-10 10:00:40', 0),
(115, 'Подарочный сертификат на 1000 леев', 1000.00, NULL, 300, 'Вы можете купить у нас подарочный сертфикат на 1000 леев для того чтобы подарить его своему другу, члену семьи или ребенку на любое мероприятие из вашей жизни', 36, '2024-06-10 10:01:21', '2024-06-11 13:39:17', 0);

-- --------------------------------------------------------

--
-- Структура таблицы `product_images`
--

CREATE TABLE `product_images` (
  `id` bigint(20) UNSIGNED NOT NULL,
  `product_id` bigint(20) UNSIGNED NOT NULL,
  `image_path` varchar(255) NOT NULL,
  `created_at` timestamp NULL DEFAULT NULL,
  `updated_at` timestamp NULL DEFAULT NULL
) ENGINE=InnoDB DEFAULT CHARSET=utf8mb4 COLLATE=utf8mb4_unicode_ci;

--
-- Дамп данных таблицы `product_images`
--

INSERT INTO `product_images` (`id`, `product_id`, `image_path`, `created_at`, `updated_at`) VALUES
(9, 7, 'product_images/FBKPDZYiOJn41x6FnT4ii8IWaivM91j1WTSt12jB.jpg', '2024-06-07 13:45:28', '2024-06-07 13:45:28'),
(10, 7, 'product_images/Jzlp7ROcjCFcWrL8aQG8HfoEvENdERyV2u6bouX2.jpg', '2024-06-07 13:45:36', '2024-06-07 13:45:36'),
(13, 9, 'product_images/x8Swxg7yGx9GXzNyvvFOOMxlCylc1C7kxGEd9qDD.jpg', '2024-06-07 13:48:13', '2024-06-07 13:48:13'),
(14, 9, 'product_images/XurJJvgGJNHjPTjk0vV1EGOK80qhQ4F8M5B70ULy.jpg', '2024-06-07 13:48:13', '2024-06-07 13:48:13'),
(15, 10, 'product_images/x29nN9K4ApjNLAOMUmUETYvl9VQz07Nv9U7bHQ1G.jpg', '2024-06-07 13:58:55', '2024-06-07 13:58:55'),
(16, 10, 'product_images/paAZCVUnBQwHWMQgUEYNKij59ULwTUuzyq7VHzsB.jpg', '2024-06-07 13:58:55', '2024-06-07 13:58:55'),
(17, 11, 'product_images/0l1JqfRRPyCKrYAdqYMTc7DSHT1qZrk6g6g53zLt.jpg', '2024-06-07 14:01:07', '2024-06-07 14:01:07'),
(19, 12, 'product_images/YZzLe1KfNBZcf7oFMw0nIiXZ46bWB0Zk1VYFCWEV.jpg', '2024-06-07 14:02:46', '2024-06-07 14:02:46'),
(20, 12, 'product_images/H1dlEjuL1VvKM5OuaZou3mTKkrnGGS9QjHZBeXUU.jpg', '2024-06-07 14:02:57', '2024-06-07 14:02:57'),
(21, 13, 'product_images/K9126ff7rcY6FRMODhEnL43jlOeyUBg3XZDLLdy7.jpg', '2024-06-07 14:22:46', '2024-06-07 14:22:46'),
(22, 13, 'product_images/oCKfRHd91DSaIkc1lmjWAQZiWTrcAGyYdC57Py4a.jpg', '2024-06-07 14:22:46', '2024-06-07 14:22:46'),
(23, 14, 'product_images/8rtdqTK7XSMYC3rhxmwqjkpU2PplsdqkxP64tQXw.jpg', '2024-06-07 14:23:38', '2024-06-07 14:23:38'),
(24, 14, 'product_images/QK0sbRqhXdEkoxbJHokaQh6ZX7L2q5Q5mwYLwO92.jpg', '2024-06-07 14:23:38', '2024-06-07 14:23:38'),
(25, 15, 'product_images/IIIHRf5uKGbta78sdCn28MFnlhz9r7rALixw4pW0.jpg', '2024-06-07 14:25:07', '2024-06-07 14:25:07'),
(26, 16, 'product_images/K9mJnxhBUKhmaP87A6mJnfk8KWvCbfM93PT9HaeX.jpg', '2024-06-07 14:26:14', '2024-06-07 14:26:14'),
(27, 17, 'product_images/Ckof7pCcjPmUgxrLqCylCqX9bFAEBJNz2mX4PeuP.jpg', '2024-06-07 14:27:20', '2024-06-07 14:27:20'),
(28, 18, 'product_images/0WgoKPuUdV6H3RA2LospgqNvXOssEwqzHkYXYsys.jpg', '2024-06-07 14:28:51', '2024-06-07 14:28:51'),
(29, 19, 'product_images/Y65fiMt0TNfVrbAMmh7qSheyHqH3EFLMsLqJbBJu.jpg', '2024-06-07 14:39:00', '2024-06-07 14:39:00'),
(30, 20, 'product_images/vpuWUB49BpelSuNXbwXW6od7tSxa9DGYromEbfNR.jpg', '2024-06-07 14:41:10', '2024-06-07 14:41:10'),
(32, 21, 'product_images/xQGYRsrfrFA9ve0SsO2oX0VT6aUgjXIoQNQiWjt0.jpg', '2024-06-07 14:51:12', '2024-06-07 14:51:12'),
(33, 22, 'product_images/26WAuWZHwi6YWdBdMghfKxD4uxZLRZdaaZbTDBjT.jpg', '2024-06-07 14:52:15', '2024-06-07 14:52:15'),
(34, 23, 'product_images/mYq2sHrySryLUXSAc5vRJKdARd0Muz3l8OLx7PVF.jpg', '2024-06-07 14:53:12', '2024-06-07 14:53:12'),
(35, 24, 'product_images/CXcRMGR1yxWyj3CosyvqaECzyY7l4KaVszFLxOOi.jpg', '2024-06-07 14:54:02', '2024-06-07 14:54:02'),
(36, 25, 'product_images/o4mqiFWk9lXAXvyY5BNYpHu2A2SgtYl2lid7rfXh.jpg', '2024-06-07 14:55:41', '2024-06-07 14:55:41'),
(37, 26, 'product_images/a1redD44DHQ1dBRU51FZeEac5pkPorJHQzVI9gdI.jpg', '2024-06-07 14:56:24', '2024-06-07 14:56:24'),
(38, 27, 'product_images/fHmqun1PfFzp8AJ6OYGfaJasFhLCwJOnJTmYshoM.jpg', '2024-06-07 14:57:40', '2024-06-07 14:57:40'),
(39, 28, 'product_images/pD6lhQVCIdcKtqm2Wya4h2zkXrBs2rtcOvQs4JBh.jpg', '2024-06-07 14:58:19', '2024-06-07 14:58:19'),
(42, 29, 'product_images/I32WhltEB3TILKtkxNburSt3C5FnO8ebAHvtJ1ZH.jpg', '2024-06-10 03:49:37', '2024-06-10 03:49:37'),
(43, 29, 'product_images/NaXpR6KufpVOGIm3WbuaYfxrUNfXbX44FOrNsB9N.jpg', '2024-06-10 03:49:37', '2024-06-10 03:49:37'),
(44, 30, 'product_images/oP5EZD2VgzBm5ouYbM3yCc2tXDPo59TAqeJKYsdO.jpg', '2024-06-10 03:50:36', '2024-06-10 03:50:36'),
(45, 31, 'product_images/bIU5JPkZAy1UQqa5kNw9uVapMZGJmNSgOJHjAiU1.jpg', '2024-06-10 03:51:57', '2024-06-10 03:51:57'),
(46, 31, 'product_images/lx65VxdrUS0XY0AUcyzw9ooBwJUap3SaoUOxuh5X.jpg', '2024-06-10 03:51:57', '2024-06-10 03:51:57'),
(47, 32, 'product_images/Ut5O1Us1zznxkH947gY1bd9cDJCoxr5j4oMyLIuG.jpg', '2024-06-10 03:52:46', '2024-06-10 03:52:46'),
(48, 33, 'product_images/E2wKbHqRHYB1OzteuC0ZjBfVNaSpFCa7VzbyQO8b.jpg', '2024-06-10 03:53:24', '2024-06-10 03:53:24'),
(49, 34, 'product_images/fbTRxEl8ojuDKhaCyy1ZNYDdRpRd7CAtk3NIMb8v.jpg', '2024-06-10 03:54:40', '2024-06-10 03:54:40'),
(51, 35, 'product_images/WtZfes2o6xYi68GDvOSOPeInINpLbXYqD71wECBx.jpg', '2024-06-10 03:55:55', '2024-06-10 03:55:55'),
(52, 36, 'product_images/rrSGDiF6rNWnoKr2Sxs1HO8tYHWmYC1X7tf8RnUN.jpg', '2024-06-10 03:56:51', '2024-06-10 03:56:51'),
(53, 36, 'product_images/5kxkS9YWrTgaqsGSqWTS5PWVwipexf51azFQX0Ku.jpg', '2024-06-10 03:56:51', '2024-06-10 03:56:51'),
(54, 37, 'product_images/kQT7krxGZZgQRm0VgypF5geMZE3f6ZrOuPNS1PTI.jpg', '2024-06-10 03:57:30', '2024-06-10 03:57:30'),
(55, 38, 'product_images/kCaZdQFDmPlVSX62j8JwhDVtTDK9mo0VD2aIHVAK.jpg', '2024-06-10 03:58:07', '2024-06-10 03:58:07'),
(56, 39, 'product_images/GYR7RCSRywQqnJfEEdqVoAOLE0Wp1jazv0sbNjwi.jpg', '2024-06-10 03:59:28', '2024-06-10 03:59:28'),
(57, 39, 'product_images/Vb4KLXlFQCwb2kGfOI4ZQ86OBAVWvX2LC4li2fgL.jpg', '2024-06-10 03:59:28', '2024-06-10 03:59:28'),
(58, 39, 'product_images/bEy82UfOfJHaJlhRPQefBNa3dyAcCmwfw8nA7653.jpg', '2024-06-10 03:59:28', '2024-06-10 03:59:28'),
(59, 40, 'product_images/r1eP0JueHmBQ9EaLg7n9zVz29viUPM3cI2ZvClow.jpg', '2024-06-10 04:00:15', '2024-06-10 04:00:15'),
(60, 40, 'product_images/SAdme8GKyns103sh2qQBoa4C4yunHt096d8IVADd.jpg', '2024-06-10 04:00:15', '2024-06-10 04:00:15'),
(62, 42, 'product_images/JZXmDyajIRTJ136oc4NtYWCrlpFhL6w6KpSBICIF.jpg', '2024-06-10 04:14:39', '2024-06-10 04:14:39'),
(63, 43, 'product_images/ikR0UGs7yxKwAtmNfJzcFLGNKXUFTYeD4xjSghBs.jpg', '2024-06-10 04:15:30', '2024-06-10 04:15:30'),
(64, 43, 'product_images/ZBT0E3CmDj0nKQBRnMFX5u1Y0YWyxxs1yBszfoli.jpg', '2024-06-10 04:15:30', '2024-06-10 04:15:30'),
(65, 44, 'product_images/LPllzKhdMW0gZBKpjRwnWxjyeQ4y5Sl5ubS0O4bl.jpg', '2024-06-10 04:16:17', '2024-06-10 04:16:17'),
(66, 44, 'product_images/mt9LsyP5HJnLi5cpqSNQ2YjaQpBG2UNrBovUgn4X.jpg', '2024-06-10 04:16:17', '2024-06-10 04:16:17'),
(67, 45, 'product_images/uZvGhSIV1PL7ZfnMYw97QXJ46guqLIbCEuWKxxVP.jpg', '2024-06-10 04:30:23', '2024-06-10 04:30:23'),
(68, 45, 'product_images/Gx04uHMrFyZaA5IELqKP5bq6lCCatgA2FwP7CA4M.jpg', '2024-06-10 04:30:23', '2024-06-10 04:30:23'),
(69, 46, 'product_images/iwQW0EOaNup1qAEe7D9FJGNf7XUc0c2YsUrxUV3H.jpg', '2024-06-10 04:31:20', '2024-06-10 04:31:20'),
(70, 46, 'product_images/TqryphLhZBWTPXy1Lh8WvdY3emTOqmBAgm5I4ybH.jpg', '2024-06-10 04:31:20', '2024-06-10 04:31:20'),
(71, 47, 'product_images/ZeMwwmt0ndDRarvzbGrJQC6zQRAF5XcPyBDdFe2O.jpg', '2024-06-10 04:32:01', '2024-06-10 04:32:01'),
(72, 47, 'product_images/VtHkY1d0bfrt6O3QEtUfXx9jfXn9MxDoCfKID7Q4.jpg', '2024-06-10 04:32:01', '2024-06-10 04:32:01'),
(73, 48, 'product_images/lP0JzsPkHmu9j5tbe8gtayGtoIoWQt1zkDHyYJ4I.jpg', '2024-06-10 04:32:39', '2024-06-10 04:32:39'),
(74, 48, 'product_images/znViChqb3mjcWwAB29W1ib2N9T5OqYGzLXiw3kg5.jpg', '2024-06-10 04:32:39', '2024-06-10 04:32:39'),
(75, 49, 'product_images/30Z9xYuCMsNObliQSX8P4leDWlJ4fcwyVZyokT3M.jpg', '2024-06-10 06:36:09', '2024-06-10 06:36:09'),
(76, 49, 'product_images/9GYJSmENYt7VRB15nhkFetox29VHJSmNUGN5hf20.jpg', '2024-06-10 06:36:09', '2024-06-10 06:36:09'),
(77, 50, 'product_images/FskU3PHAOS1RGRuE3in6mxgOpO78ExZVjWfO6ELV.jpg', '2024-06-10 06:36:40', '2024-06-10 06:36:40'),
(78, 51, 'product_images/fb8j21O4jM4XWoOqGcHgb5Klb5W7R7nVOBZIQNiP.jpg', '2024-06-10 06:37:15', '2024-06-10 06:37:15'),
(79, 51, 'product_images/aZ82FUOyMBcgptwUHgMiT96EQjjmMGeBWrANJxy8.jpg', '2024-06-10 06:37:15', '2024-06-10 06:37:15'),
(82, 53, 'product_images/Og4cN7ZKVnOMuiYpyyROLEcmUDgNCpmWbQUpEM1o.jpg', '2024-06-10 06:38:37', '2024-06-10 06:38:37'),
(83, 54, 'product_images/d7m2XAfp6zhGErD2aeZxiwxdsqdJLZoD09jQzpap.jpg', '2024-06-10 06:39:31', '2024-06-10 06:39:31'),
(84, 55, 'product_images/9F1bZtE8PTmYCwZKn4cFUmYUL9nHhUdJD49BYqHi.jpg', '2024-06-10 06:40:06', '2024-06-10 06:40:06'),
(85, 56, 'product_images/dTCxKFtuEQigY10P5EHOvfz3CMOdKlvIIHd4QwJc.jpg', '2024-06-10 06:40:35', '2024-06-10 06:40:35'),
(86, 57, 'product_images/2gQwp3D1fe29UQ0SRHuWG6tfTLl6cnePInO5heY4.jpg', '2024-06-10 06:41:15', '2024-06-10 06:41:15'),
(87, 58, 'product_images/QIXgQ18xXWpGqMhowzlWP9G2Xpu9qRJDtTXYbT4X.jpg', '2024-06-10 06:42:28', '2024-06-10 06:42:28'),
(88, 59, 'product_images/saoOS6D6RNv8JK5MYNMsk4LJ6wkW9htCtBqdzkCc.jpg', '2024-06-10 06:42:58', '2024-06-10 06:42:58'),
(89, 60, 'product_images/ZhB5rUw5N7d2srDVvvQFPnn0n2PeEbWRVLHc1JsA.jpg', '2024-06-10 06:43:33', '2024-06-10 06:43:33'),
(90, 61, 'product_images/XWbtJbFU2b5anZKKpPwlgGBBXgQaXb3yNRlHM282.jpg', '2024-06-10 07:04:48', '2024-06-10 07:04:48'),
(91, 61, 'product_images/piwk2ItvKdPlnPitdGxJTn5u7DTA5WH4TsF11c80.jpg', '2024-06-10 07:04:48', '2024-06-10 07:04:48'),
(92, 62, 'product_images/EBZNeFwHlfAhLZqsCXCEc6kiMXd7pUxQpuzyNo9b.jpg', '2024-06-10 07:05:24', '2024-06-10 07:05:24'),
(93, 62, 'product_images/Rp6rBXzmHw2g9TRDI0nyQnq1W20narbHoXwiLfr5.jpg', '2024-06-10 07:05:24', '2024-06-10 07:05:24'),
(94, 63, 'product_images/cZcuP3prUD0AuVuMf9H42EsioXtIQSCz1BrncWpR.jpg', '2024-06-10 07:06:07', '2024-06-10 07:06:07'),
(95, 63, 'product_images/Dls1wCkepSqt9Z9cfMKScsUJY8XVFLS1y3KuZQPn.jpg', '2024-06-10 07:06:07', '2024-06-10 07:06:07'),
(96, 64, 'product_images/E7AH2jqo3lVRwvTi4clEnOUlP3IIbeo8W6ENgxG4.jpg', '2024-06-10 07:06:40', '2024-06-10 07:06:40'),
(97, 65, 'product_images/B9dTQkvV0qhvXobP62MDSoJrFhtMnGIDvMMyfHLP.jpg', '2024-06-10 07:08:24', '2024-06-10 07:08:24'),
(98, 66, 'product_images/i6DDymcmCBFDPuv5deQ9R2jCeAJpYDrKa9ZFC1cm.jpg', '2024-06-10 07:08:55', '2024-06-10 07:08:55'),
(99, 67, 'product_images/njrfQSXkdVkpeDx17jb1hnKOKjQeG8ANqQzMzmp5.jpg', '2024-06-10 07:39:39', '2024-06-10 07:39:39'),
(100, 67, 'product_images/YATV5ehQAvgVPKYOtjxvZc45QP2TzbW2liocLDtf.jpg', '2024-06-10 07:39:39', '2024-06-10 07:39:39'),
(101, 68, 'product_images/d509XdaY22gXubJ2sxWojUoXyoqtCMbi07sKx6AI.jpg', '2024-06-10 07:54:39', '2024-06-10 07:54:39'),
(102, 69, 'product_images/mFoVd4jRw7HawThpssCCHvpgEb8FFj0wnXsg3obB.jpg', '2024-06-10 07:56:20', '2024-06-10 07:56:20'),
(103, 70, 'product_images/TumdkrNEDhsELFsEFoxJ3rqNF7DE7xDEagylpy47.jpg', '2024-06-10 07:56:56', '2024-06-10 07:56:56'),
(106, 72, 'product_images/JCJuYfw3T5hdW9UsCJVsgxHIwyg2P9GcLDpSBbM7.jpg', '2024-06-10 08:00:31', '2024-06-10 08:00:31'),
(107, 73, 'product_images/QtfmbXlW41RpmT7fwQrX8RtoiUGfHLQeTNNG5xvZ.jpg', '2024-06-10 08:01:00', '2024-06-10 08:01:00'),
(108, 74, 'product_images/yJtfrKZiywHu0yFNcNEojy3sCiq2GqmRQzrFx2AP.jpg', '2024-06-10 08:01:33', '2024-06-10 08:01:33'),
(109, 75, 'product_images/0btYIAFeDgYsJ3y43rSrUkv5HyrPbu2jJzau6b84.jpg', '2024-06-10 08:02:51', '2024-06-10 08:02:51'),
(110, 75, 'product_images/NYw0LDqjRar4geqLGGMjpAoH6iTg27fLX9V9kKBl.jpg', '2024-06-10 08:02:51', '2024-06-10 08:02:51'),
(111, 76, 'product_images/vcSToz3IIbhEdn9YqevMZaw5yheJtHDIgu80hDMO.jpg', '2024-06-10 08:03:20', '2024-06-10 08:03:20'),
(112, 77, 'product_images/Ws9M8z8tQbZe4AWrZEsjxCAjMcP4brt7FYske27O.jpg', '2024-06-10 08:03:54', '2024-06-10 08:03:54'),
(113, 78, 'product_images/HuF64cUr0B4ffY8paHO77Zvl9gF5M7xyAJ9G8ZNH.jpg', '2024-06-10 08:04:47', '2024-06-10 08:04:47'),
(114, 79, 'product_images/mqA9fufKxXhTq0nftbMLhFXadro84rgHBKaBaGFP.jpg', '2024-06-10 08:05:22', '2024-06-10 08:05:22'),
(115, 80, 'product_images/eJjnG5WoWCYGm9DTS48eTd0cS1uhqSNXtOOEcsCU.jpg', '2024-06-10 08:06:02', '2024-06-10 08:06:02'),
(116, 81, 'product_images/dlZumndZeXrmeFmfIEfmK9ivH8pdFH5aDruFcW2M.jpg', '2024-06-10 08:06:37', '2024-06-10 08:06:37'),
(117, 82, 'product_images/ptTtm58K3feyX9Idd78OMvLbz7SolCWg3VG32TZC.jpg', '2024-06-10 08:08:17', '2024-06-10 08:08:17'),
(118, 83, 'product_images/Q06NqFquOGJSu6cQTOnNACg8ujfAwLh84PzojJeI.jpg', '2024-06-10 08:17:09', '2024-06-10 08:17:09'),
(119, 84, 'product_images/AN8dfNsKaVzhLZLUtTuLn1zAffYvYueZrZi8kP5W.jpg', '2024-06-10 08:17:47', '2024-06-10 08:17:47'),
(120, 85, 'product_images/uHKCutIvKassjFt8JpDSbutPQsrAyQIEXbdPnaGd.jpg', '2024-06-10 09:28:58', '2024-06-10 09:28:58'),
(121, 85, 'product_images/lual6BVB7pEgMGZc46myCFjDIqizE6cahp5vPRDy.jpg', '2024-06-10 09:28:58', '2024-06-10 09:28:58'),
(122, 86, 'product_images/07clyP8R0ldWw2lqiyDYKiAtOlxs3G16pqbnvBlM.jpg', '2024-06-10 09:29:47', '2024-06-10 09:29:47'),
(123, 86, 'product_images/KgLa2jdLNfu1knQDM2zwvlWteUKcvQSxTDvAUiJS.jpg', '2024-06-10 09:29:47', '2024-06-10 09:29:47'),
(124, 87, 'product_images/01x780DucXTAjR6lQxmbljMhA168m5l3MgMrXpPT.png', '2024-06-10 09:30:37', '2024-06-10 09:30:37'),
(125, 87, 'product_images/pKrNJfr54snSMUe2WC9cOveqBx0sTlsLi7412CUR.jpg', '2024-06-10 09:30:37', '2024-06-10 09:30:37'),
(126, 88, 'product_images/kQGGbCG6rZHN3qxzRjF17CqIYv1rjSEZ8UgXsqu6.jpg', '2024-06-10 09:31:16', '2024-06-10 09:31:16'),
(127, 89, 'product_images/DLeuIJWmMe7tFU57iLBwdfWtWdJ63NOy7qD1NdOu.jpg', '2024-06-10 09:32:39', '2024-06-10 09:32:39'),
(128, 90, 'product_images/xQ0HyCAcoWR0tmF9ITCcy2hxRfbvXaTpAovgm1nw.jpg', '2024-06-10 09:33:10', '2024-06-10 09:33:10'),
(129, 91, 'product_images/4avXI0Sq6ZgEUw21U2Qcb4MVEMiyb1gir8nY0TsG.jpg', '2024-06-10 09:33:45', '2024-06-10 09:33:45'),
(130, 91, 'product_images/aBNtAHqWUG3vxX3stSulLIymRTFoZFEOGL9hEguA.jpg', '2024-06-10 09:33:45', '2024-06-10 09:33:45'),
(131, 92, 'product_images/OrsGsAeLq0ULPFctOXs2SB6wIDT419DL1fPFKHyV.jpg', '2024-06-10 09:34:24', '2024-06-10 09:34:24'),
(132, 92, 'product_images/ptiRkhAoDkqwKxl22mdz9buM8kxMvA7bFhtW88iM.jpg', '2024-06-10 09:34:24', '2024-06-10 09:34:24'),
(133, 93, 'product_images/vGdlBtCJ1tFSdYOcAPD1SqcEdDfH2k5jo4XsGBad.jpg', '2024-06-10 09:34:53', '2024-06-10 09:34:53'),
(134, 94, 'product_images/RB98cTL5NjmujLCA0BSGQlu94ph9ISmD3ZBwNrWq.jpg', '2024-06-10 09:35:26', '2024-06-10 09:35:26'),
(135, 95, 'product_images/EbBdGIXoTUt9LqPtylUXqeqYBhIxndgHD3txnU9N.jpg', '2024-06-10 09:36:29', '2024-06-10 09:36:29'),
(136, 95, 'product_images/kmgjcRGLSnhgv9XbQQaxewslJOybTpL9CdCNBhYN.jpg', '2024-06-10 09:36:29', '2024-06-10 09:36:29'),
(137, 96, 'product_images/rml4smle2qaG39XqQxk5PPigvERboLAYXoV2wO6z.jpg', '2024-06-10 09:37:48', '2024-06-10 09:37:48'),
(138, 96, 'product_images/3ZfaYMTss7ZGGHXhUNtlTEOl6FpCTCTdku4g8uB0.jpg', '2024-06-10 09:37:48', '2024-06-10 09:37:48'),
(141, 98, 'product_images/AhdjbjSxRQeNGrLaBYloDdGCE8Exr8UrU1dsOH7o.jpg', '2024-06-10 09:39:08', '2024-06-10 09:39:08'),
(142, 98, 'product_images/ICQKWekc667cy5HuIvDkXzcsKAuGEOXjwdQ1PHC0.jpg', '2024-06-10 09:39:08', '2024-06-10 09:39:08'),
(143, 99, 'product_images/4yrap9yEsmbXVJtrIRNbV2A9XavcoQE1ERgfmk3K.jpg', '2024-06-10 09:47:02', '2024-06-10 09:47:02'),
(144, 99, 'product_images/ZpIhfhaZuqLc9DABOCqDvA4hAsXEJ7oFNWrJ00nq.jpg', '2024-06-10 09:47:02', '2024-06-10 09:47:02'),
(145, 100, 'product_images/LhvNdtmlYPfDmNARXk11HesZ4qrOgw7JZ997dBiv.jpg', '2024-06-10 09:47:41', '2024-06-10 09:47:41'),
(146, 100, 'product_images/xDLMcOpB29jgtLtj0sdJWkqk0sUWhX8CWEhT4mLY.jpg', '2024-06-10 09:47:41', '2024-06-10 09:47:41'),
(147, 101, 'product_images/58U8dIE0HGqXPgxrWgw1QRvvVWfm9v9KL53zN1CX.jpg', '2024-06-10 09:48:25', '2024-06-10 09:48:25'),
(148, 101, 'product_images/RGhq531W3ryXRdgPh0FuTzgUhnUrHdRN1mc96q6y.jpg', '2024-06-10 09:48:25', '2024-06-10 09:48:25'),
(149, 102, 'product_images/gv2gDLZ5mpot5YKFNwAOsyozB4QyYcBhlT1RyYqq.jpg', '2024-06-10 09:49:08', '2024-06-10 09:49:08'),
(150, 102, 'product_images/lG4h1FxDwlQxNiSBZjNZIvjxI6A3zBIAPuRKaTKk.jpg', '2024-06-10 09:49:08', '2024-06-10 09:49:08'),
(151, 103, 'product_images/iDWLk80h1K4JmHxUmw6yC6la5lRpJ6Ogm9WeTLxi.jpg', '2024-06-10 09:49:58', '2024-06-10 09:49:58'),
(152, 103, 'product_images/ibF05aAwtwTWDPWFt6i5DMghUUcqN0FJzTcsPCPV.jpg', '2024-06-10 09:49:58', '2024-06-10 09:49:58'),
(153, 104, 'product_images/G2WyRWuQ4Onc2QT5xLBbJvgi6NiQhdNylYpoW39W.jpg', '2024-06-10 09:51:07', '2024-06-10 09:51:07'),
(154, 104, 'product_images/LEOWTWq7hV7LLXvHRZg7aMF8uPfNE0sWT7seTJS1.jpg', '2024-06-10 09:51:07', '2024-06-10 09:51:07'),
(155, 105, 'product_images/ryA59qoLRBDwZFRtlhTg5AX2wqRi8f9NBXLy0xco.jpg', '2024-06-10 09:51:51', '2024-06-10 09:51:51'),
(156, 105, 'product_images/S0alsPwP1BpLg4EEYlWCvxOFUPWKbQh2f7qfHucg.jpg', '2024-06-10 09:51:51', '2024-06-10 09:51:51'),
(157, 106, 'product_images/0FlFhxbyIDbX8tiAqLCGFTg6f3BU5ctzsd8mQW0M.png', '2024-06-10 09:52:23', '2024-06-10 09:52:23'),
(158, 106, 'product_images/HcX0uGA4dWQj1DAnhBjRZiJKz0OkxDItac6Xfhp5.png', '2024-06-10 09:52:23', '2024-06-10 09:52:23'),
(159, 107, 'product_images/FNB6P6GJPXuccKtfxUGLJXhJmQJ2P6LiMLY9cDPH.png', '2024-06-10 09:53:00', '2024-06-10 09:53:00'),
(160, 107, 'product_images/U3rCPwOBaS6DNCS7NDW485LntpEBk5ZuMoRRZZyN.png', '2024-06-10 09:53:00', '2024-06-10 09:53:00'),
(161, 108, 'product_images/JijpVvBQP6nFA9fcIgqZVoHZryd4LUDIHHxTnA9P.jpg', '2024-06-10 09:53:42', '2024-06-10 09:53:42'),
(162, 108, 'product_images/AhrgJ80KdmkJl8XioCX14QJlL3kStRCNC1F9PRGV.jpg', '2024-06-10 09:53:42', '2024-06-10 09:53:42'),
(163, 109, 'product_images/Lt6VJigIO3jhJklyuUxxmd0TuAFaE7riGtQH52Da.jpg', '2024-06-10 09:54:17', '2024-06-10 09:54:17'),
(164, 109, 'product_images/DkqOACfx0ocvvFSoAE69zFEVeOExgHegYkC1W9ot.jpg', '2024-06-10 09:54:17', '2024-06-10 09:54:17'),
(165, 110, 'product_images/s6gNB8xSy9GMaATaxfOHpdDxNwh79B1LeUAf4xtt.jpg', '2024-06-10 09:54:43', '2024-06-10 09:54:43'),
(166, 111, 'product_images/IsKUnyNlXLduxKzqE3RtnxgZRH1iIiRjsowYhaJJ.jpg', '2024-06-10 09:55:14', '2024-06-10 09:55:14'),
(167, 111, 'product_images/v9G6yGdT4Mx6yqzFr7cl1sJfwpYxvzQGDxk3scsq.jpg', '2024-06-10 09:55:14', '2024-06-10 09:55:14'),
(168, 112, 'product_images/b3iulwmOhqlxESLBv8XuYTgl8BdvdL1nvmPydU1Q.jpg', '2024-06-10 09:56:01', '2024-06-10 09:56:01'),
(169, 112, 'product_images/7JLTpe6n9j510uD1taU3694z6Ff607IYTKGOUbtA.jpg', '2024-06-10 09:56:01', '2024-06-10 09:56:01'),
(170, 113, 'product_images/sTEqtKXgWKJmtiuiWZyOQRGTv9kYiF27J0uiBvWc.jpg', '2024-06-10 09:56:35', '2024-06-10 09:56:35'),
(171, 113, 'product_images/2iBd5PVvKVoHBEar6OB6vslNFwinJAgfgWMVtj06.jpg', '2024-06-10 09:56:35', '2024-06-10 09:56:35'),
(172, 114, 'product_images/ZbDkIzEoLp83uPtI8JbjzXYAgT6RvYlvzpWBWZLq.jpg', '2024-06-10 10:00:40', '2024-06-10 10:00:40'),
(175, 115, 'product_images/fpVnOk4uRfXKYGbkvSI7PiA10j7z7ptf7SwKdLTP.jpg', '2024-06-11 13:39:08', '2024-06-11 13:39:08');

-- --------------------------------------------------------

--
-- Структура таблицы `reviews`
--

CREATE TABLE `reviews` (
  `id` bigint(20) UNSIGNED NOT NULL,
  `product_id` bigint(20) UNSIGNED NOT NULL,
  `user_id` bigint(20) UNSIGNED NOT NULL,
  `advantages` text NOT NULL,
  `disadvantages` text DEFAULT NULL,
  `comment` text NOT NULL,
  `created_at` timestamp NULL DEFAULT NULL,
  `updated_at` timestamp NULL DEFAULT NULL
) ENGINE=InnoDB DEFAULT CHARSET=utf8mb4 COLLATE=utf8mb4_unicode_ci;

--
-- Дамп данных таблицы `reviews`
--

INSERT INTO `reviews` (`id`, `product_id`, `user_id`, `advantages`, `disadvantages`, `comment`, `created_at`, `updated_at`) VALUES
(1, 10, 2, 'asdqwdqwqwdqwdqwd', 'qdwqwdqwqdwqwd', 'qdwqdwqwdqwdqwd', '2024-06-16 14:25:51', '2024-06-16 14:25:51'),
(2, 10, 2, 'Прекрасный дизайн и высокое качество. Очень доволен покупкой. Продукт полностью соответствует описанию.', 'Нет недостатков.', 'Товар пришел быстро и в отличном состоянии. Сотрудники магазина оперативно связались для уточнения деталей заказа. Буду рекомендовать этот магазин друзьям и знакомым. Спасибо за отличное обслуживание!', '2024-06-16 14:42:05', '2024-06-16 14:42:05'),
(3, 10, 2, 'Быстрая доставка и хорошее качество. Продукт отлично упакован, все детали на месте.', 'Не всегда есть в наличии', 'Очень доволен покупкой. Буду заказывать еще. Удобный интерфейс сайта и широкий ассортимент продукции. Продолжайте в том же духе!', '2024-06-16 14:42:37', '2024-06-16 14:42:37'),
(4, 10, 2, 'Отличное соотношение цены и качества. Товар полностью соответствует описанию на сайте.', 'Пока не выявил.', 'Заказ был выполнен быстро и без задержек. Продуктом доволен. Рекомендую этот магазин всем, кто ценит качество и надежность. Большое спасибо!', '2024-06-16 14:43:00', '2024-06-16 14:43:00'),
(5, 10, 2, 'Прекрасное обслуживание и качественный товар. Удобный процесс оформления заказа.', 'Цена немного высоковата.', 'Очень доволен покупкой. Все ожидания оправданы. Спасибо за внимательное отношение к клиентам и высокое качество продукции.', '2024-06-16 14:43:21', '2024-06-16 14:43:21');

-- --------------------------------------------------------

--
-- Структура таблицы `sessions`
--

CREATE TABLE `sessions` (
  `id` varchar(255) NOT NULL,
  `user_id` bigint(20) UNSIGNED DEFAULT NULL,
  `ip_address` varchar(45) DEFAULT NULL,
  `user_agent` text DEFAULT NULL,
  `payload` longtext NOT NULL,
  `last_activity` int(11) NOT NULL
) ENGINE=InnoDB DEFAULT CHARSET=utf8mb4 COLLATE=utf8mb4_unicode_ci;

--
-- Дамп данных таблицы `sessions`
--

INSERT INTO `sessions` (`id`, `user_id`, `ip_address`, `user_agent`, `payload`, `last_activity`) VALUES
('Kns0idwaq48pVeBp54gvAGfIyhW40KNMkXGvlpUS', 2, '127.0.0.1', 'Mozilla/5.0 (Windows NT 10.0; Win64; x64) AppleWebKit/537.36 (KHTML, like Gecko) Chrome/125.0.0.0 Safari/537.36', 'YTo1OntzOjY6Il90b2tlbiI7czo0MDoiWWZzT01ldkJSazJUSlZzMXliaVROOHlqU1JHbWZIeVR0S0VLYXVNdiI7czo5OiJfcHJldmlvdXMiO2E6MTp7czozOiJ1cmwiO3M6MzI6Imh0dHA6Ly8xMjcuMC4wLjE6ODAwMC9jYXRlZ29yeS8xIjt9czo2OiJfZmxhc2giO2E6Mjp7czozOiJvbGQiO2E6MDp7fXM6MzoibmV3IjthOjA6e319czozOiJ1cmwiO2E6MTp7czo4OiJpbnRlbmRlZCI7czozNjoiaHR0cDovLzEyNy4wLjAuMTo4MDAwL29yZGVycy9oaXN0b3J5Ijt9czo1MDoibG9naW5fd2ViXzU5YmEzNmFkZGMyYjJmOTQwMTU4MGYwMTRjN2Y1OGVhNGUzMDk4OWQiO2k6Mjt9', 1718656295);

-- --------------------------------------------------------

--
-- Структура таблицы `users`
--

CREATE TABLE `users` (
  `id` bigint(20) UNSIGNED NOT NULL,
  `first_name` varchar(255) NOT NULL,
  `last_name` varchar(255) NOT NULL,
  `email` varchar(255) NOT NULL,
  `password` varchar(255) NOT NULL,
  `is_admin` tinyint(1) NOT NULL DEFAULT 0,
  `remember_token` varchar(100) DEFAULT NULL,
  `created_at` timestamp NULL DEFAULT NULL,
  `updated_at` timestamp NULL DEFAULT NULL
) ENGINE=InnoDB DEFAULT CHARSET=utf8mb4 COLLATE=utf8mb4_unicode_ci;

--
-- Дамп данных таблицы `users`
--

INSERT INTO `users` (`id`, `first_name`, `last_name`, `email`, `password`, `is_admin`, `remember_token`, `created_at`, `updated_at`) VALUES
(1, 'Nichita', 'Paingu', 'test@example.com', '$2y$12$AUPFPG2KWeVXvqv/KO6ZG.ArEYAhGtJd00QCaKLFN24Nt25ClteUe', 1, '2N5D88yFBDmuFQ6p58hoReaFow9lMOnvBfOdGtZHfOrNT66vzv0jDBlbgu90', '2024-06-07 06:10:10', '2024-06-07 06:10:10'),
(2, 'Никита', 'Паингу', 'nichitapaingu123@icloud.com', '$2y$12$/8kAz8aSp8XS9BdcaT0cr.ZV7YXej.TtXNjt18DWPf1gFbrUWyoWu', 0, 'hta7hQpSxL1C0poBnufPnlJLQn2pmOQ8PFsR7SGesXpdgn5IgeC7pYm2Fq5k', '2024-06-11 16:58:27', '2024-06-15 13:18:56');

--
-- Индексы сохранённых таблиц
--

--
-- Индексы таблицы `cache`
--
ALTER TABLE `cache`
  ADD PRIMARY KEY (`key`);

--
-- Индексы таблицы `cache_locks`
--
ALTER TABLE `cache_locks`
  ADD PRIMARY KEY (`key`);

--
-- Индексы таблицы `carts`
--
ALTER TABLE `carts`
  ADD PRIMARY KEY (`id`),
  ADD KEY `carts_user_id_foreign` (`user_id`);

--
-- Индексы таблицы `cart_items`
--
ALTER TABLE `cart_items`
  ADD PRIMARY KEY (`id`),
  ADD KEY `cart_items_cart_id_foreign` (`cart_id`),
  ADD KEY `cart_items_product_id_foreign` (`product_id`);

--
-- Индексы таблицы `categories`
--
ALTER TABLE `categories`
  ADD PRIMARY KEY (`id`);

--
-- Индексы таблицы `category_types`
--
ALTER TABLE `category_types`
  ADD PRIMARY KEY (`id`),
  ADD KEY `category_types_category_id_foreign` (`category_id`);

--
-- Индексы таблицы `failed_jobs`
--
ALTER TABLE `failed_jobs`
  ADD PRIMARY KEY (`id`),
  ADD UNIQUE KEY `failed_jobs_uuid_unique` (`uuid`);

--
-- Индексы таблицы `favorites`
--
ALTER TABLE `favorites`
  ADD PRIMARY KEY (`id`),
  ADD KEY `favorites_user_id_foreign` (`user_id`),
  ADD KEY `favorites_product_id_foreign` (`product_id`);

--
-- Индексы таблицы `jobs`
--
ALTER TABLE `jobs`
  ADD PRIMARY KEY (`id`),
  ADD KEY `jobs_queue_index` (`queue`);

--
-- Индексы таблицы `job_batches`
--
ALTER TABLE `job_batches`
  ADD PRIMARY KEY (`id`);

--
-- Индексы таблицы `migrations`
--
ALTER TABLE `migrations`
  ADD PRIMARY KEY (`id`);

--
-- Индексы таблицы `orders`
--
ALTER TABLE `orders`
  ADD PRIMARY KEY (`id`),
  ADD KEY `orders_user_id_foreign` (`user_id`);

--
-- Индексы таблицы `order_items`
--
ALTER TABLE `order_items`
  ADD PRIMARY KEY (`id`),
  ADD KEY `order_items_order_id_foreign` (`order_id`),
  ADD KEY `order_items_product_id_foreign` (`product_id`);

--
-- Индексы таблицы `password_reset_tokens`
--
ALTER TABLE `password_reset_tokens`
  ADD PRIMARY KEY (`email`);

--
-- Индексы таблицы `personal_access_tokens`
--
ALTER TABLE `personal_access_tokens`
  ADD PRIMARY KEY (`id`),
  ADD UNIQUE KEY `personal_access_tokens_token_unique` (`token`),
  ADD KEY `personal_access_tokens_tokenable_type_tokenable_id_index` (`tokenable_type`,`tokenable_id`);

--
-- Индексы таблицы `products`
--
ALTER TABLE `products`
  ADD PRIMARY KEY (`id`),
  ADD KEY `products_category_type_id_foreign` (`category_type_id`);

--
-- Индексы таблицы `product_images`
--
ALTER TABLE `product_images`
  ADD PRIMARY KEY (`id`),
  ADD KEY `product_images_product_id_foreign` (`product_id`);

--
-- Индексы таблицы `reviews`
--
ALTER TABLE `reviews`
  ADD PRIMARY KEY (`id`),
  ADD KEY `reviews_product_id_foreign` (`product_id`),
  ADD KEY `reviews_user_id_foreign` (`user_id`);

--
-- Индексы таблицы `sessions`
--
ALTER TABLE `sessions`
  ADD PRIMARY KEY (`id`),
  ADD KEY `sessions_user_id_index` (`user_id`),
  ADD KEY `sessions_last_activity_index` (`last_activity`);

--
-- Индексы таблицы `users`
--
ALTER TABLE `users`
  ADD PRIMARY KEY (`id`),
  ADD UNIQUE KEY `users_email_unique` (`email`);

--
-- AUTO_INCREMENT для сохранённых таблиц
--

--
-- AUTO_INCREMENT для таблицы `carts`
--
ALTER TABLE `carts`
  MODIFY `id` bigint(20) UNSIGNED NOT NULL AUTO_INCREMENT, AUTO_INCREMENT=3;

--
-- AUTO_INCREMENT для таблицы `cart_items`
--
ALTER TABLE `cart_items`
  MODIFY `id` bigint(20) UNSIGNED NOT NULL AUTO_INCREMENT, AUTO_INCREMENT=27;

--
-- AUTO_INCREMENT для таблицы `categories`
--
ALTER TABLE `categories`
  MODIFY `id` bigint(20) UNSIGNED NOT NULL AUTO_INCREMENT, AUTO_INCREMENT=16;

--
-- AUTO_INCREMENT для таблицы `category_types`
--
ALTER TABLE `category_types`
  MODIFY `id` bigint(20) UNSIGNED NOT NULL AUTO_INCREMENT, AUTO_INCREMENT=49;

--
-- AUTO_INCREMENT для таблицы `failed_jobs`
--
ALTER TABLE `failed_jobs`
  MODIFY `id` bigint(20) UNSIGNED NOT NULL AUTO_INCREMENT;

--
-- AUTO_INCREMENT для таблицы `favorites`
--
ALTER TABLE `favorites`
  MODIFY `id` bigint(20) UNSIGNED NOT NULL AUTO_INCREMENT, AUTO_INCREMENT=14;

--
-- AUTO_INCREMENT для таблицы `jobs`
--
ALTER TABLE `jobs`
  MODIFY `id` bigint(20) UNSIGNED NOT NULL AUTO_INCREMENT;

--
-- AUTO_INCREMENT для таблицы `migrations`
--
ALTER TABLE `migrations`
  MODIFY `id` int(10) UNSIGNED NOT NULL AUTO_INCREMENT, AUTO_INCREMENT=23;

--
-- AUTO_INCREMENT для таблицы `orders`
--
ALTER TABLE `orders`
  MODIFY `id` bigint(20) UNSIGNED NOT NULL AUTO_INCREMENT, AUTO_INCREMENT=9;

--
-- AUTO_INCREMENT для таблицы `order_items`
--
ALTER TABLE `order_items`
  MODIFY `id` bigint(20) UNSIGNED NOT NULL AUTO_INCREMENT, AUTO_INCREMENT=13;

--
-- AUTO_INCREMENT для таблицы `personal_access_tokens`
--
ALTER TABLE `personal_access_tokens`
  MODIFY `id` bigint(20) UNSIGNED NOT NULL AUTO_INCREMENT;

--
-- AUTO_INCREMENT для таблицы `products`
--
ALTER TABLE `products`
  MODIFY `id` bigint(20) UNSIGNED NOT NULL AUTO_INCREMENT, AUTO_INCREMENT=117;

--
-- AUTO_INCREMENT для таблицы `product_images`
--
ALTER TABLE `product_images`
  MODIFY `id` bigint(20) UNSIGNED NOT NULL AUTO_INCREMENT, AUTO_INCREMENT=179;

--
-- AUTO_INCREMENT для таблицы `reviews`
--
ALTER TABLE `reviews`
  MODIFY `id` bigint(20) UNSIGNED NOT NULL AUTO_INCREMENT, AUTO_INCREMENT=10;

--
-- AUTO_INCREMENT для таблицы `users`
--
ALTER TABLE `users`
  MODIFY `id` bigint(20) UNSIGNED NOT NULL AUTO_INCREMENT, AUTO_INCREMENT=3;

--
-- Ограничения внешнего ключа сохраненных таблиц
--

--
-- Ограничения внешнего ключа таблицы `carts`
--
ALTER TABLE `carts`
  ADD CONSTRAINT `carts_user_id_foreign` FOREIGN KEY (`user_id`) REFERENCES `users` (`id`) ON DELETE CASCADE;

--
-- Ограничения внешнего ключа таблицы `cart_items`
--
ALTER TABLE `cart_items`
  ADD CONSTRAINT `cart_items_cart_id_foreign` FOREIGN KEY (`cart_id`) REFERENCES `carts` (`id`) ON DELETE CASCADE,
  ADD CONSTRAINT `cart_items_product_id_foreign` FOREIGN KEY (`product_id`) REFERENCES `products` (`id`) ON DELETE CASCADE;

--
-- Ограничения внешнего ключа таблицы `category_types`
--
ALTER TABLE `category_types`
  ADD CONSTRAINT `category_types_category_id_foreign` FOREIGN KEY (`category_id`) REFERENCES `categories` (`id`) ON DELETE CASCADE;

--
-- Ограничения внешнего ключа таблицы `favorites`
--
ALTER TABLE `favorites`
  ADD CONSTRAINT `favorites_product_id_foreign` FOREIGN KEY (`product_id`) REFERENCES `products` (`id`) ON DELETE CASCADE,
  ADD CONSTRAINT `favorites_user_id_foreign` FOREIGN KEY (`user_id`) REFERENCES `users` (`id`) ON DELETE CASCADE;

--
-- Ограничения внешнего ключа таблицы `orders`
--
ALTER TABLE `orders`
  ADD CONSTRAINT `orders_user_id_foreign` FOREIGN KEY (`user_id`) REFERENCES `users` (`id`) ON DELETE CASCADE;

--
-- Ограничения внешнего ключа таблицы `order_items`
--
ALTER TABLE `order_items`
  ADD CONSTRAINT `order_items_order_id_foreign` FOREIGN KEY (`order_id`) REFERENCES `orders` (`id`) ON DELETE CASCADE,
  ADD CONSTRAINT `order_items_product_id_foreign` FOREIGN KEY (`product_id`) REFERENCES `products` (`id`) ON DELETE CASCADE;

--
-- Ограничения внешнего ключа таблицы `products`
--
ALTER TABLE `products`
  ADD CONSTRAINT `products_category_type_id_foreign` FOREIGN KEY (`category_type_id`) REFERENCES `category_types` (`id`) ON DELETE CASCADE;

--
-- Ограничения внешнего ключа таблицы `product_images`
--
ALTER TABLE `product_images`
  ADD CONSTRAINT `product_images_product_id_foreign` FOREIGN KEY (`product_id`) REFERENCES `products` (`id`) ON DELETE CASCADE;

--
-- Ограничения внешнего ключа таблицы `reviews`
--
ALTER TABLE `reviews`
  ADD CONSTRAINT `reviews_product_id_foreign` FOREIGN KEY (`product_id`) REFERENCES `products` (`id`) ON DELETE CASCADE,
  ADD CONSTRAINT `reviews_user_id_foreign` FOREIGN KEY (`user_id`) REFERENCES `users` (`id`) ON DELETE CASCADE;
COMMIT;

/*!40101 SET CHARACTER_SET_CLIENT=@OLD_CHARACTER_SET_CLIENT */;
/*!40101 SET CHARACTER_SET_RESULTS=@OLD_CHARACTER_SET_RESULTS */;
/*!40101 SET COLLATION_CONNECTION=@OLD_COLLATION_CONNECTION */;
